name,site_type,link,unique_id,gallery_url,picture_url
Minaret and Archaeological Remains of Jam,cultural_danger,https://whc.unesco.org/en/list/211,211,https://whc.unesco.org/en/list/211/gallery,https://whc.unesco.org/uploads/thumbs/site_0211_0008-1200-630-20240126154919.jpg
Cultural Landscape and Archaeological Remains of the Bamiyan Valley,cultural_danger,https://whc.unesco.org/en/list/208,208,https://whc.unesco.org/en/list/208/gallery,https://whc.unesco.org/uploads/thumbs/site_0208_0002-1200-630-20170802154248.jpg
Natural and Cultural Heritage of the Ohrid region,mixed,https://whc.unesco.org/en/list/99,99,https://whc.unesco.org/en/list/99/gallery,https://whc.unesco.org/uploads/thumbs/site_0099_0001-1200-630-20251023153858.jpg
Butrint,cultural,https://whc.unesco.org/en/list/570,570,https://whc.unesco.org/en/list/570/gallery,https://whc.unesco.org/uploads/thumbs/site_0570_0005-1200-630-20151104150902.jpg
Historic Centres of Berat and Gjirokastra,cultural,https://whc.unesco.org/en/list/569,569,https://whc.unesco.org/en/list/569/gallery,https://whc.unesco.org/uploads/thumbs/site_0569_0006-1200-630-20151104150928.jpg
Ancient and Primeval Beech Forests of the Carpathians and Other Regions of Europe,natural,https://whc.unesco.org/en/list/1133,1133,https://whc.unesco.org/en/list/1133/gallery,https://whc.unesco.org/uploads/thumbs/site_1133_0076-1200-630-20251103122935.jpg
Al Qal'a of Beni Hammad,cultural,https://whc.unesco.org/en/list/102,102,https://whc.unesco.org/en/list/102/gallery,https://whc.unesco.org/uploads/thumbs/site_0102_0001-1200-630-20130925184001.jpg
Djémila,cultural,https://whc.unesco.org/en/list/191,191,https://whc.unesco.org/en/list/191/gallery,https://whc.unesco.org/uploads/thumbs/site_0191_0001-1200-630-20090923174604.jpg
M'Zab Valley,cultural,https://whc.unesco.org/en/list/188,188,https://whc.unesco.org/en/list/188/gallery,https://whc.unesco.org/uploads/thumbs/site_0188_0001-1200-630-20180730112538.jpg
Tassili n'Ajjer,mixed,https://whc.unesco.org/en/list/179,179,https://whc.unesco.org/en/list/179/gallery,https://whc.unesco.org/uploads/thumbs/site_0179_0001-1200-630-20090910111123.jpg
Timgad,cultural,https://whc.unesco.org/en/list/194,194,https://whc.unesco.org/en/list/194/gallery,https://whc.unesco.org/uploads/thumbs/site_0194_0001-1200-630-20100108152533.jpg
Tipasa,cultural,https://whc.unesco.org/en/list/193,193,https://whc.unesco.org/en/list/193/gallery,https://whc.unesco.org/uploads/thumbs/site_0193_0001-1200-630-20180730112259.jpg
Kasbah of Algiers,cultural,https://whc.unesco.org/en/list/565,565,https://whc.unesco.org/en/list/565/gallery,https://whc.unesco.org/uploads/thumbs/site_0565_0015-1200-630-20260129170718.jpg
Madriu-Perafita-Claror Valley,cultural,https://whc.unesco.org/en/list/1160,1160,https://whc.unesco.org/en/list/1160/gallery,https://whc.unesco.org/uploads/thumbs/site_1160_0016-1200-630-20140822171056.jpg
"Mbanza Kongo, Vestiges of the Capital of the former Kingdom of Kongo",cultural,https://whc.unesco.org/en/list/1511,1511,https://whc.unesco.org/en/list/1511/gallery,https://whc.unesco.org/uploads/thumbs/site_1511_0011-1200-630-20170904150559.jpg
Antigua Naval Dockyard and Related Archaeological Sites,cultural,https://whc.unesco.org/en/list/1499,1499,https://whc.unesco.org/en/list/1499/gallery,https://whc.unesco.org/uploads/thumbs/site_1499_0004-1200-630-20160610105352.jpg
Los Glaciares National Park,natural,https://whc.unesco.org/en/list/145,145,https://whc.unesco.org/en/list/145/gallery,https://whc.unesco.org/uploads/thumbs/site_0145_0013-1200-630-20151104151127.jpg
"Jesuit Missions of the Guaranis: San Ignacio Mini, Santa Ana, Nuestra Señora de Loreto and Santa Maria Mayor (Argentina), Ruins of Sao Miguel das Missoes (Brazil)",cultural,https://whc.unesco.org/en/list/275,275,https://whc.unesco.org/en/list/275/gallery,https://whc.unesco.org/uploads/thumbs/site_0275_0002-1200-630-20120730182151.jpg
Iguazu National Park,natural,https://whc.unesco.org/en/list/303,303,https://whc.unesco.org/en/list/303/gallery,https://whc.unesco.org/uploads/thumbs/site_0303_0010-1200-630-20151104151051.jpg
"Cueva de las Manos, Río Pinturas",cultural,https://whc.unesco.org/en/list/936,936,https://whc.unesco.org/en/list/936/gallery,https://whc.unesco.org/uploads/thumbs/site_0936_0009-1200-630-20241024124952.jpg
Península Valdés,natural,https://whc.unesco.org/en/list/937,937,https://whc.unesco.org/en/list/937/gallery,https://whc.unesco.org/uploads/thumbs/site_0937_0001-1200-630-20151111155818.jpg
Ischigualasto / Talampaya Natural Parks,natural,https://whc.unesco.org/en/list/966,966,https://whc.unesco.org/en/list/966/gallery,https://whc.unesco.org/uploads/thumbs/site_0966_0011-1200-630-20130206172445.jpg
Jesuit Block and Estancias of Córdoba,cultural,https://whc.unesco.org/en/list/995,995,https://whc.unesco.org/en/list/995/gallery,https://whc.unesco.org/uploads/thumbs/site_0995_0001-1200-630-20130206164854.jpg
Quebrada de Humahuaca,cultural,https://whc.unesco.org/en/list/1116,1116,https://whc.unesco.org/en/list/1116/gallery,https://whc.unesco.org/uploads/thumbs/site_1116_0011-1200-630-20151104151155.jpg
"Qhapaq Ñan, Andean Road System",cultural,https://whc.unesco.org/en/list/1459,1459,https://whc.unesco.org/en/list/1459/gallery,https://whc.unesco.org/uploads/thumbs/site_1459_0020-1200-630-20170322164215.jpg
"The Architectural Work of Le Corbusier, an Outstanding Contribution to the Modern Movement",cultural,https://whc.unesco.org/en/list/1321,1321,https://whc.unesco.org/en/list/1321/gallery,https://whc.unesco.org/uploads/thumbs/site_1321_0036-1200-630-20221003172203.jpg
Los Alerces National Park,natural,https://whc.unesco.org/en/list/1526,1526,https://whc.unesco.org/en/list/1526/gallery,https://whc.unesco.org/uploads/thumbs/site_1526_0001-1200-630-20170705175051.jpg
"ESMA Museum and Site of Memory – Former Clandestine Centre of Detention, Torture and Extermination",cultural,https://whc.unesco.org/en/list/1681,1681,https://whc.unesco.org/en/list/1681/gallery,https://whc.unesco.org/uploads/thumbs/site_1681_0003-1200-630-20230615151908.jpg
Monasteries of Haghpat and Sanahin,cultural,https://whc.unesco.org/en/list/777,777,https://whc.unesco.org/en/list/777/gallery,https://whc.unesco.org/uploads/thumbs/site_0777_0026-1200-630-20241024163035.jpg
Cathedral and Churches of Echmiatsin and the Archaeological Site of Zvartnots,cultural,https://whc.unesco.org/en/list/1011,1011,https://whc.unesco.org/en/list/1011/gallery,https://whc.unesco.org/uploads/thumbs/site_1011_0023-1200-630-20241024163247.jpg
Monastery of Geghard and the Upper Azat Valley,cultural,https://whc.unesco.org/en/list/960,960,https://whc.unesco.org/en/list/960/gallery,https://whc.unesco.org/uploads/thumbs/site_0960_0035-1200-630-20241024163338.jpg
Great Barrier Reef,natural,https://whc.unesco.org/en/list/154,154,https://whc.unesco.org/en/list/154/gallery,https://whc.unesco.org/uploads/thumbs/site_0154_0001-1200-630-20151104132153.jpg
Kakadu National Park,mixed,https://whc.unesco.org/en/list/147,147,https://whc.unesco.org/en/list/147/gallery,https://whc.unesco.org/uploads/thumbs/site_0147_0006-1200-630-20121119165741.jpg
Willandra Lakes Region,mixed,https://whc.unesco.org/en/list/167,167,https://whc.unesco.org/en/list/167/gallery,https://whc.unesco.org/uploads/thumbs/site_0167_0001-1200-630-20140304152542.jpg
Lord Howe Island Group,natural,https://whc.unesco.org/en/list/186,186,https://whc.unesco.org/en/list/186/gallery,https://whc.unesco.org/uploads/thumbs/site_0186_0001-1200-630-20071205113221.jpg
Tasmanian Wilderness,mixed,https://whc.unesco.org/en/list/181,181,https://whc.unesco.org/en/list/181/gallery,https://whc.unesco.org/uploads/thumbs/site_0181_0006-1200-630-20151104151809.jpg
Gondwana Rainforests of Australia,natural,https://whc.unesco.org/en/list/368,368,https://whc.unesco.org/en/list/368/gallery,https://whc.unesco.org/uploads/thumbs/site_0368_0001-1200-630-20071205110908.jpg
Uluru-Kata Tjuta National Park,mixed,https://whc.unesco.org/en/list/447,447,https://whc.unesco.org/en/list/447/gallery,https://whc.unesco.org/uploads/thumbs/site_0447_0001-1200-630-20151104152006.jpg
Wet Tropics of Queensland,natural,https://whc.unesco.org/en/list/486,486,https://whc.unesco.org/en/list/486/gallery,https://whc.unesco.org/uploads/thumbs/site_0486_0001-1200-630-20151104152107.jpg
"Shark Bay, Western Australia",natural,https://whc.unesco.org/en/list/578,578,https://whc.unesco.org/en/list/578/gallery,https://whc.unesco.org/uploads/thumbs/site_0578_0006-1200-630-20151104151523.jpg
K’gari,natural,https://whc.unesco.org/en/list/630,630,https://whc.unesco.org/en/list/630/gallery,https://whc.unesco.org/uploads/thumbs/site_0630_0001-1200-630-20251003174155.jpg
Australian Fossil Mammal Sites (Riversleigh / Naracoorte),natural,https://whc.unesco.org/en/list/698,698,https://whc.unesco.org/en/list/698/gallery,https://whc.unesco.org/uploads/thumbs/site_0698_0001-1200-630-20071204162957.jpg
Heard and McDonald Islands,natural,https://whc.unesco.org/en/list/577,577,https://whc.unesco.org/en/list/577/gallery,https://whc.unesco.org/uploads/thumbs/site_0577_0001-1200-630-20130801164127.jpg
Macquarie Island,natural,https://whc.unesco.org/en/list/629,629,https://whc.unesco.org/en/list/629/gallery,https://whc.unesco.org/uploads/thumbs/site_0629_0001-1200-630-20110920202139.jpg
Greater Blue Mountains Area,natural,https://whc.unesco.org/en/list/917,917,https://whc.unesco.org/en/list/917/gallery,https://whc.unesco.org/uploads/thumbs/site_0917_0001-1200-630-20071205113524.jpg
Purnululu National Park,natural,https://whc.unesco.org/en/list/1094,1094,https://whc.unesco.org/en/list/1094/gallery,https://whc.unesco.org/uploads/thumbs/site_1094_0001-1200-630-20151104151332.jpg
Royal Exhibition Building and Carlton Gardens,cultural,https://whc.unesco.org/en/list/1131,1131,https://whc.unesco.org/en/list/1131/gallery,https://whc.unesco.org/uploads/thumbs/site_1131_0011-1200-630-20151104151449.jpg
Sydney Opera House,cultural,https://whc.unesco.org/en/list/166,166,https://whc.unesco.org/en/list/166/gallery,https://whc.unesco.org/uploads/thumbs/site_0166_0001-1200-630-20151104151645.jpg
Australian Convict Sites,cultural,https://whc.unesco.org/en/list/1306,1306,https://whc.unesco.org/en/list/1306/gallery,https://whc.unesco.org/uploads/thumbs/site_1306_0011-1200-630-20230113124858.jpg
Ningaloo Coast,natural,https://whc.unesco.org/en/list/1369,1369,https://whc.unesco.org/en/list/1369/gallery,https://whc.unesco.org/uploads/thumbs/site_1369_0011-1200-630-20221003105040.jpg
Budj Bim Cultural Landscape,cultural,https://whc.unesco.org/en/list/1577,1577,https://whc.unesco.org/en/list/1577/gallery,https://whc.unesco.org/uploads/thumbs/site_1577_0005-1200-630-20230113155719.jpg
Murujuga Cultural Landscape,cultural,https://whc.unesco.org/en/list/1709,1709,https://whc.unesco.org/en/list/1709/gallery,https://whc.unesco.org/uploads/thumbs/site_1709_0004-1200-630-20250617115009.jpg
Historic Centre of the City of Salzburg,cultural,https://whc.unesco.org/en/list/784,784,https://whc.unesco.org/en/list/784/gallery,https://whc.unesco.org/uploads/thumbs/site_0784_0001-1200-630-20151104154526.jpg
Palace and Gardens of Schönbrunn,cultural,https://whc.unesco.org/en/list/786,786,https://whc.unesco.org/en/list/786/gallery,https://whc.unesco.org/uploads/thumbs/site_0786_0022-1200-630-20130923102244.jpg
Hallstatt-Dachstein / Salzkammergut Cultural Landscape,cultural,https://whc.unesco.org/en/list/806,806,https://whc.unesco.org/en/list/806/gallery,https://whc.unesco.org/uploads/thumbs/site_0806_0001-1200-630-20260219104245.jpg
Semmering Railway,cultural,https://whc.unesco.org/en/list/785,785,https://whc.unesco.org/en/list/785/gallery,https://whc.unesco.org/uploads/thumbs/site_0785_0010-1200-630-20131014173928.jpg
City of Graz – Historic Centre and Schloss Eggenberg,cultural,https://whc.unesco.org/en/list/931,931,https://whc.unesco.org/en/list/931/gallery,https://whc.unesco.org/uploads/thumbs/site_0931_0005-1200-630-20130219150604.jpg
Wachau Cultural Landscape,cultural,https://whc.unesco.org/en/list/970,970,https://whc.unesco.org/en/list/970/gallery,https://whc.unesco.org/uploads/thumbs/site_0970_0001-1200-630-20090916143835.jpg
Historic Centre of Vienna,cultural_danger,https://whc.unesco.org/en/list/1033,1033,https://whc.unesco.org/en/list/1033/gallery,https://whc.unesco.org/uploads/thumbs/site_1033_0006-1200-630-20260219105432.jpg
Fertö / Neusiedlersee Cultural Landscape,cultural,https://whc.unesco.org/en/list/772,772,https://whc.unesco.org/en/list/772/gallery,https://whc.unesco.org/uploads/thumbs/site_0772_0016-1200-630-20241028180336.jpg
Ancient and Primeval Beech Forests of the Carpathians and Other Regions of Europe,natural,https://whc.unesco.org/en/list/1133,1133,https://whc.unesco.org/en/list/1133/gallery,https://whc.unesco.org/uploads/thumbs/site_1133_0076-1200-630-20251103122935.jpg
Prehistoric Pile Dwellings around the Alps,cultural,https://whc.unesco.org/en/list/1363,1363,https://whc.unesco.org/en/list/1363/gallery,https://whc.unesco.org/uploads/thumbs/site_1363_0001-1200-630-20260121175321.jpg
Frontiers of the Roman Empire – The Danube Limes (Western Segment),cultural,https://whc.unesco.org/en/list/1608,1608,https://whc.unesco.org/en/list/1608/gallery,https://whc.unesco.org/uploads/thumbs/site_1608_0041-1200-630-20251127121059.jpg
The Great Spa Towns of Europe,cultural,https://whc.unesco.org/en/list/1613,1613,https://whc.unesco.org/en/list/1613/gallery,https://whc.unesco.org/uploads/thumbs/site_1613_0001-1200-630-20210401103443.jpg
Walled City of Baku with the Shirvanshah's Palace and Maiden Tower,cultural,https://whc.unesco.org/en/list/958,958,https://whc.unesco.org/en/list/958/gallery,https://whc.unesco.org/uploads/thumbs/site_0958_0021-1200-630-20130924143213.jpg
Gobustan Rock Art Cultural Landscape,cultural,https://whc.unesco.org/en/list/1076,1076,https://whc.unesco.org/en/list/1076/gallery,https://whc.unesco.org/uploads/thumbs/site_1076_0017-1200-630-20131001175023.jpg
Historic Centre of Sheki with the Khan’s Palace,cultural,https://whc.unesco.org/en/list/1549,1549,https://whc.unesco.org/en/list/1549/gallery,https://whc.unesco.org/uploads/thumbs/site_1549_0022-1200-630-20190319144851.jpg
Hyrcanian Forests,natural,https://whc.unesco.org/en/list/1584,1584,https://whc.unesco.org/en/list/1584/gallery,https://whc.unesco.org/uploads/thumbs/site_1584_0003-1200-630-20230704180544.jpg
Cultural Landscape of Khinalig People and “Köç Yolu” Transhumance Route,cultural,https://whc.unesco.org/en/list/1696,1696,https://whc.unesco.org/en/list/1696/gallery,https://whc.unesco.org/uploads/thumbs/site_1696_0001-1200-630-20230615125540.jpg
Qal’at al-Bahrain – Ancient Harbour and Capital of Dilmun,cultural,https://whc.unesco.org/en/list/1192,1192,https://whc.unesco.org/en/list/1192/gallery,https://whc.unesco.org/uploads/thumbs/site_1192_0010-1200-630-20151104125926.jpg
"Pearling, Testimony of an Island Economy",cultural,https://whc.unesco.org/en/list/1364,1364,https://whc.unesco.org/en/list/1364/gallery,https://whc.unesco.org/uploads/thumbs/site_1364_0001-1200-630-20120614172217.jpg
Dilmun Burial Mounds,cultural,https://whc.unesco.org/en/list/1542,1542,https://whc.unesco.org/en/list/1542/gallery,https://whc.unesco.org/uploads/thumbs/site_1542_0002-1200-630-20190319141329.jpg
Historic Mosque City of Bagerhat,cultural,https://whc.unesco.org/en/list/321,321,https://whc.unesco.org/en/list/321/gallery,https://whc.unesco.org/uploads/thumbs/site_0321_0004-1200-630-20140623145817.jpg
Ruins of the Buddhist Vihara at Paharpur,cultural,https://whc.unesco.org/en/list/322,322,https://whc.unesco.org/en/list/322/gallery,https://whc.unesco.org/uploads/thumbs/site_0322_0013-1200-630-20131008165904.jpg
The Sundarbans,natural,https://whc.unesco.org/en/list/798,798,https://whc.unesco.org/en/list/798/gallery,https://whc.unesco.org/uploads/thumbs/site_0798_0001-1200-630-20090910161220.jpg
Historic Bridgetown and its Garrison,cultural,https://whc.unesco.org/en/list/1376,1376,https://whc.unesco.org/en/list/1376/gallery,https://whc.unesco.org/uploads/thumbs/site_1376_0010-1200-630-20151104154813.jpg
Białowieża Forest,natural,https://whc.unesco.org/en/list/33,33,https://whc.unesco.org/en/list/33/gallery,https://whc.unesco.org/uploads/thumbs/site_0033_0007-1200-630-20260219151705.jpg
Mir Castle Complex,cultural,https://whc.unesco.org/en/list/625,625,https://whc.unesco.org/en/list/625/gallery,https://whc.unesco.org/uploads/thumbs/site_0625_0001-1200-630-20090924150953.jpg
"Architectural, Residential and Cultural Complex of the Radziwill Family at Nesvizh",cultural,https://whc.unesco.org/en/list/1196,1196,https://whc.unesco.org/en/list/1196/gallery,https://whc.unesco.org/uploads/thumbs/site_1196_0006-1200-630-20130916103847.jpg
Struve Geodetic Arc,cultural,https://whc.unesco.org/en/list/1187,1187,https://whc.unesco.org/en/list/1187/gallery,https://whc.unesco.org/uploads/thumbs/site_1187_0001-1200-630-20151104154840.jpg
Flemish Béguinages,cultural,https://whc.unesco.org/en/list/855,855,https://whc.unesco.org/en/list/855/gallery,https://whc.unesco.org/uploads/thumbs/site_0855_0022-1200-630-20260220110524.jpg
"La Grand-Place, Brussels",cultural,https://whc.unesco.org/en/list/857,857,https://whc.unesco.org/en/list/857/gallery,https://whc.unesco.org/uploads/thumbs/site_0857_0001-1200-630-20250108115933.jpg
"The Four Lifts on the Canal du Centre and their Environs, La Louvière and Le Roeulx (Hainaut)",cultural,https://whc.unesco.org/en/list/856,856,https://whc.unesco.org/en/list/856/gallery,https://whc.unesco.org/uploads/thumbs/site_0856_0007-1200-630-20260220110731.jpg
Belfries of Belgium and France,cultural,https://whc.unesco.org/en/list/943,943,https://whc.unesco.org/en/list/943/gallery,https://whc.unesco.org/uploads/thumbs/site_0943_0001-1200-630-20251022172600.jpg
Historic Centre of Brugge,cultural,https://whc.unesco.org/en/list/996,996,https://whc.unesco.org/en/list/996/gallery,https://whc.unesco.org/uploads/thumbs/site_0996_0034-1200-630-20151104155454.jpg
Major Town Houses of the Architect Victor Horta (Brussels),cultural,https://whc.unesco.org/en/list/1005,1005,https://whc.unesco.org/en/list/1005/gallery,https://whc.unesco.org/uploads/thumbs/site_1005_0019-1200-630-20140707152639.jpg
Neolithic Flint Mines at Spiennes (Mons),cultural,https://whc.unesco.org/en/list/1006,1006,https://whc.unesco.org/en/list/1006/gallery,https://whc.unesco.org/uploads/thumbs/site_1006_0001-1200-630-20090924152659.jpg
Notre-Dame Cathedral in Tournai,cultural,https://whc.unesco.org/en/list/1009,1009,https://whc.unesco.org/en/list/1009/gallery,https://whc.unesco.org/uploads/thumbs/site_1009_0001-1200-630-20151104160049.jpg
Plantin-Moretus House-Workshops-Museum Complex,cultural,https://whc.unesco.org/en/list/1185,1185,https://whc.unesco.org/en/list/1185/gallery,https://whc.unesco.org/uploads/thumbs/site_1185_0001-1200-630-20090916161934.jpg
Ancient and Primeval Beech Forests of the Carpathians and Other Regions of Europe,natural,https://whc.unesco.org/en/list/1133,1133,https://whc.unesco.org/en/list/1133/gallery,https://whc.unesco.org/uploads/thumbs/site_1133_0076-1200-630-20251103122935.jpg
Stoclet House,cultural,https://whc.unesco.org/en/list/1298,1298,https://whc.unesco.org/en/list/1298/gallery,https://whc.unesco.org/uploads/thumbs/site_1298_0001-1200-630-20230112143755.jpg
Major Mining Sites of Wallonia,cultural,https://whc.unesco.org/en/list/1344,1344,https://whc.unesco.org/en/list/1344/gallery,https://whc.unesco.org/uploads/thumbs/site_1344_0004-1200-630-20151104120642.jpg
"The Architectural Work of Le Corbusier, an Outstanding Contribution to the Modern Movement",cultural,https://whc.unesco.org/en/list/1321,1321,https://whc.unesco.org/en/list/1321/gallery,https://whc.unesco.org/uploads/thumbs/site_1321_0036-1200-630-20221003172203.jpg
Colonies of Benevolence,cultural,https://whc.unesco.org/en/list/1555,1555,https://whc.unesco.org/en/list/1555/gallery,https://whc.unesco.org/uploads/thumbs/site_1555_0002-1200-630-20221125093804.jpg
The Great Spa Towns of Europe,cultural,https://whc.unesco.org/en/list/1613,1613,https://whc.unesco.org/en/list/1613/gallery,https://whc.unesco.org/uploads/thumbs/site_1613_0001-1200-630-20210401103443.jpg
Funerary and memory sites of the First World War (Western Front),cultural,https://whc.unesco.org/en/list/1567,1567,https://whc.unesco.org/en/list/1567/gallery,https://whc.unesco.org/uploads/thumbs/site_1567_0024-1200-630-20250507165448.jpg
Belize Barrier Reef Reserve System,natural,https://whc.unesco.org/en/list/764,764,https://whc.unesco.org/en/list/764/gallery,https://whc.unesco.org/uploads/thumbs/site_0764_0003-1200-630-20151104160245.jpg
Royal Palaces of Abomey,cultural,https://whc.unesco.org/en/list/323,323,https://whc.unesco.org/en/list/323/gallery,https://whc.unesco.org/uploads/thumbs/site_0323_0009-1200-630-20140722163132.jpg
W-Arly-Pendjari Complex,natural,https://whc.unesco.org/en/list/749,749,https://whc.unesco.org/en/list/749/gallery,https://whc.unesco.org/uploads/thumbs/site_0749_0007-1200-630-20170607180434.jpg
"Koutammakou, the Land of the Batammariba",cultural,https://whc.unesco.org/en/list/1140,1140,https://whc.unesco.org/en/list/1140/gallery,https://whc.unesco.org/uploads/thumbs/site_1140_0020-1200-630-20221103164443.jpg
City of Potosí,cultural_danger,https://whc.unesco.org/en/list/420,420,https://whc.unesco.org/en/list/420/gallery,https://whc.unesco.org/uploads/thumbs/site_0420_0003-1200-630-20151104160303.jpg
Jesuit Missions of the Chiquitos,cultural,https://whc.unesco.org/en/list/529,529,https://whc.unesco.org/en/list/529/gallery,https://whc.unesco.org/uploads/thumbs/site_0529_0001-1200-630-20151104160542.jpg
Historic City of Sucre,cultural,https://whc.unesco.org/en/list/566,566,https://whc.unesco.org/en/list/566/gallery,https://whc.unesco.org/uploads/thumbs/site_0566_0001-1200-630-20151104160403.jpg
Fuerte de Samaipata,cultural,https://whc.unesco.org/en/list/883,883,https://whc.unesco.org/en/list/883/gallery,https://whc.unesco.org/uploads/thumbs/site_0883_0010-1200-630-20151104160341.jpg
Noel Kempff Mercado National Park,natural,https://whc.unesco.org/en/list/967,967,https://whc.unesco.org/en/list/967/gallery,https://whc.unesco.org/uploads/thumbs/site_0967_0001-1200-630-20090924163735.jpg
Tiwanaku: Spiritual and Political Centre of the Tiwanaku Culture,cultural,https://whc.unesco.org/en/list/567,567,https://whc.unesco.org/en/list/567/gallery,https://whc.unesco.org/uploads/thumbs/site_0567_0013-1200-630-20151104160951.jpg
"Qhapaq Ñan, Andean Road System",cultural,https://whc.unesco.org/en/list/1459,1459,https://whc.unesco.org/en/list/1459/gallery,https://whc.unesco.org/uploads/thumbs/site_1459_0020-1200-630-20170322164215.jpg
Old Bridge Area of the Old City of Mostar,cultural,https://whc.unesco.org/en/list/946,946,https://whc.unesco.org/en/list/946/gallery,https://whc.unesco.org/uploads/thumbs/site_0946_0011-1200-630-20130123174833.jpg
Ancient and Primeval Beech Forests of the Carpathians and Other Regions of Europe,natural,https://whc.unesco.org/en/list/1133,1133,https://whc.unesco.org/en/list/1133/gallery,https://whc.unesco.org/uploads/thumbs/site_1133_0076-1200-630-20251103122935.jpg
Mehmed Paša Sokolović Bridge in Višegrad,cultural,https://whc.unesco.org/en/list/1260,1260,https://whc.unesco.org/en/list/1260/gallery,https://whc.unesco.org/uploads/thumbs/site_1260_0001-1200-630-20151104161046.jpg
Stećci Medieval Tombstone Graveyards,cultural,https://whc.unesco.org/en/list/1504,1504,https://whc.unesco.org/en/list/1504/gallery,https://whc.unesco.org/uploads/thumbs/site_1504_0033-1200-630-20251202101223.jpg
"Vjetrenica Cave, Ravno",natural,https://whc.unesco.org/en/list/1673,1673,https://whc.unesco.org/en/list/1673/gallery,https://whc.unesco.org/uploads/thumbs/site_1673_0002-1200-630-20230427110640.jpg
Tsodilo,cultural,https://whc.unesco.org/en/list/1021,1021,https://whc.unesco.org/en/list/1021/gallery,https://whc.unesco.org/uploads/thumbs/site_1021_0006-1200-630-20130913124205.jpg
Okavango Delta,natural,https://whc.unesco.org/en/list/1432,1432,https://whc.unesco.org/en/list/1432/gallery,https://whc.unesco.org/uploads/thumbs/site_1432_0008-1200-630-20231023091716.jpg
Historic Town of Ouro Preto,cultural,https://whc.unesco.org/en/list/124,124,https://whc.unesco.org/en/list/124/gallery,https://whc.unesco.org/uploads/thumbs/site_0124_0006-1200-630-20121218171636.jpg
Historic Centre of the Town of Olinda,cultural,https://whc.unesco.org/en/list/189,189,https://whc.unesco.org/en/list/189/gallery,https://whc.unesco.org/uploads/thumbs/site_0189_0017-1200-630-20131015143928.jpg
"Jesuit Missions of the Guaranis: San Ignacio Mini, Santa Ana, Nuestra Señora de Loreto and Santa Maria Mayor (Argentina), Ruins of Sao Miguel das Missoes (Brazil)",cultural,https://whc.unesco.org/en/list/275,275,https://whc.unesco.org/en/list/275/gallery,https://whc.unesco.org/uploads/thumbs/site_0275_0002-1200-630-20120730182151.jpg
Historic Centre of Salvador de Bahia,cultural,https://whc.unesco.org/en/list/309,309,https://whc.unesco.org/en/list/309/gallery,https://whc.unesco.org/uploads/thumbs/site_0309_0029-1200-630-20151104161201.jpg
Sanctuary of Bom Jesus do Congonhas,cultural,https://whc.unesco.org/en/list/334,334,https://whc.unesco.org/en/list/334/gallery,https://whc.unesco.org/uploads/thumbs/site_0334_0001-1200-630-20110920201250.jpg
Iguaçu National Park,natural,https://whc.unesco.org/en/list/355,355,https://whc.unesco.org/en/list/355/gallery,https://whc.unesco.org/uploads/thumbs/site_0355_0001-1200-630-20250108120426.jpg
Brasilia,cultural,https://whc.unesco.org/en/list/445,445,https://whc.unesco.org/en/list/445/gallery,https://whc.unesco.org/uploads/thumbs/site_0445_0052-1200-630-20180216163822.jpg
Serra da Capivara National Park,cultural,https://whc.unesco.org/en/list/606,606,https://whc.unesco.org/en/list/606/gallery,
Historic Centre of São Luís,cultural,https://whc.unesco.org/en/list/821,821,https://whc.unesco.org/en/list/821/gallery,https://whc.unesco.org/uploads/thumbs/site_0821_0014-1200-630-20200415164142.jpg
Atlantic Forest South-East Reserves,natural,https://whc.unesco.org/en/list/893,893,https://whc.unesco.org/en/list/893/gallery,https://whc.unesco.org/uploads/thumbs/site_0893_0001-1200-630-20090916164859.jpg
Discovery Coast Atlantic Forest Reserves,natural,https://whc.unesco.org/en/list/892,892,https://whc.unesco.org/en/list/892/gallery,https://whc.unesco.org/uploads/thumbs/site_0892_0001-1200-630-20091005132847.jpg
Historic Centre of the Town of Diamantina,cultural,https://whc.unesco.org/en/list/890,890,https://whc.unesco.org/en/list/890/gallery,https://whc.unesco.org/uploads/thumbs/site_0890_0001-1200-630-20141030161343.jpg
Central Amazon Conservation Complex,natural,https://whc.unesco.org/en/list/998,998,https://whc.unesco.org/en/list/998/gallery,https://whc.unesco.org/uploads/thumbs/site_0998_0001-1200-630-20091002190216.jpg
Pantanal Conservation Area,natural,https://whc.unesco.org/en/list/999,999,https://whc.unesco.org/en/list/999/gallery,https://whc.unesco.org/uploads/thumbs/site_0999_0001-1200-630-20250108120535.jpg
Brazilian Atlantic Islands: Fernando de Noronha and Atol das Rocas Reserves,natural,https://whc.unesco.org/en/list/1000,1000,https://whc.unesco.org/en/list/1000/gallery,https://whc.unesco.org/uploads/thumbs/site_1000_0002-1200-630-20120829105645.jpg
Cerrado Protected Areas: Chapada dos Veadeiros and Emas National Parks,natural,https://whc.unesco.org/en/list/1035,1035,https://whc.unesco.org/en/list/1035/gallery,https://whc.unesco.org/uploads/thumbs/site_1035_0001-1200-630-20151104161111.jpg
Historic Centre of the Town of Goiás,cultural,https://whc.unesco.org/en/list/993,993,https://whc.unesco.org/en/list/993/gallery,https://whc.unesco.org/uploads/thumbs/site_0993_0001-1200-630-20090916171218.jpg
São Francisco Square in the Town of São Cristóvão,cultural,https://whc.unesco.org/en/list/1272,1272,https://whc.unesco.org/en/list/1272/gallery,
Rio de Janeiro: Carioca Landscapes between the Mountain and the Sea,cultural,https://whc.unesco.org/en/list/1100,1100,https://whc.unesco.org/en/list/1100/gallery,https://whc.unesco.org/uploads/thumbs/site_1100_0004-1200-630-20120625114004.jpg
Pampulha Modern Ensemble,cultural,https://whc.unesco.org/en/list/1493,1493,https://whc.unesco.org/en/list/1493/gallery,https://whc.unesco.org/uploads/thumbs/site_1493_0048-1200-630-20220208193230.jpg
Valongo Wharf Archaeological Site,cultural,https://whc.unesco.org/en/list/1548,1548,https://whc.unesco.org/en/list/1548/gallery,https://whc.unesco.org/uploads/thumbs/site_1548_0004-1200-630-20170705163424.jpg
Paraty and Ilha Grande – Culture and Biodiversity,mixed,https://whc.unesco.org/en/list/1308,1308,https://whc.unesco.org/en/list/1308/gallery,https://whc.unesco.org/uploads/thumbs/site_1308_0006-1200-630-20251106152613.jpg
Sítio Roberto Burle Marx,cultural,https://whc.unesco.org/en/list/1620,1620,https://whc.unesco.org/en/list/1620/gallery,https://whc.unesco.org/uploads/thumbs/site_1620_0001-1200-630-20200327151141.jpg
Lençóis Maranhenses National Park,natural,https://whc.unesco.org/en/list/1611,1611,https://whc.unesco.org/en/list/1611/gallery,https://whc.unesco.org/uploads/thumbs/site_1611_0007-1200-630-20240531145322.jpg
Peruaçu River Canyon,natural,https://whc.unesco.org/en/list/1747,1747,https://whc.unesco.org/en/list/1747/gallery,https://whc.unesco.org/uploads/thumbs/site_1747_0011-1200-630-20250617155719.jpg
Boyana Church,cultural,https://whc.unesco.org/en/list/42,42,https://whc.unesco.org/en/list/42/gallery,https://whc.unesco.org/uploads/thumbs/site_0042_0005-1200-630-20130419121325.jpg
Madara Rider,cultural,https://whc.unesco.org/en/list/43,43,https://whc.unesco.org/en/list/43/gallery,https://whc.unesco.org/uploads/thumbs/site_0043_0001-1200-630-20081229164058.jpg
Rock-Hewn Churches of Ivanovo,cultural,https://whc.unesco.org/en/list/45,45,https://whc.unesco.org/en/list/45/gallery,https://whc.unesco.org/uploads/thumbs/site_0045_0001-1200-630-20090924172939.jpg
Thracian Tomb of Kazanlak,cultural,https://whc.unesco.org/en/list/44,44,https://whc.unesco.org/en/list/44/gallery,https://whc.unesco.org/uploads/thumbs/site_0044_0001-1200-630-20100520161237.jpg
Ancient City of Nessebar,cultural,https://whc.unesco.org/en/list/217,217,https://whc.unesco.org/en/list/217/gallery,https://whc.unesco.org/uploads/thumbs/site_0217_0011-1200-630-20251113125331.jpg
Pirin National Park,natural,https://whc.unesco.org/en/list/225,225,https://whc.unesco.org/en/list/225/gallery,https://whc.unesco.org/uploads/thumbs/site_0225_0010-1200-630-20150518200741.jpg
Rila Monastery,cultural,https://whc.unesco.org/en/list/216,216,https://whc.unesco.org/en/list/216/gallery,https://whc.unesco.org/uploads/thumbs/site_0216_0001-1200-630-20151104162507.jpg
Srebarna Nature Reserve,natural,https://whc.unesco.org/en/list/219,219,https://whc.unesco.org/en/list/219/gallery,https://whc.unesco.org/uploads/thumbs/site_0219_0002-1200-630-20151104162536.jpg
Thracian Tomb of Sveshtari,cultural,https://whc.unesco.org/en/list/359,359,https://whc.unesco.org/en/list/359/gallery,https://whc.unesco.org/uploads/thumbs/site_0359_0001-1200-630-20090924180152.jpg
Ancient and Primeval Beech Forests of the Carpathians and Other Regions of Europe,natural,https://whc.unesco.org/en/list/1133,1133,https://whc.unesco.org/en/list/1133/gallery,https://whc.unesco.org/uploads/thumbs/site_1133_0076-1200-630-20251103122935.jpg
W-Arly-Pendjari Complex,natural,https://whc.unesco.org/en/list/749,749,https://whc.unesco.org/en/list/749/gallery,https://whc.unesco.org/uploads/thumbs/site_0749_0007-1200-630-20170607180434.jpg
Ruins of Loropéni,cultural,https://whc.unesco.org/en/list/1225,1225,https://whc.unesco.org/en/list/1225/gallery,https://whc.unesco.org/uploads/thumbs/site_1225_0017-1200-630-20230210101541.jpg
Ancient Ferrous Metallurgy Sites of Burkina Faso,cultural,https://whc.unesco.org/en/list/1602,1602,https://whc.unesco.org/en/list/1602/gallery,https://whc.unesco.org/uploads/thumbs/site_1602_0001-1200-630-20180305150424.jpg
Royal Court of Tiébélé,cultural,https://whc.unesco.org/en/list/1713,1713,https://whc.unesco.org/en/list/1713/gallery,https://whc.unesco.org/uploads/thumbs/site_1713_0013-1200-630-20240326113819.jpg
"Cidade Velha, Historic Centre of Ribeira Grande",cultural,https://whc.unesco.org/en/list/1310,1310,https://whc.unesco.org/en/list/1310/gallery,https://whc.unesco.org/uploads/thumbs/site_1310_0003-1200-630-20151104162627.jpg
Angkor,cultural,https://whc.unesco.org/en/list/668,668,https://whc.unesco.org/en/list/668/gallery,https://whc.unesco.org/uploads/thumbs/site_0668_0067-1200-630-20151104115852.jpg
Temple of Preah Vihear,cultural,https://whc.unesco.org/en/list/1224,1224,https://whc.unesco.org/en/list/1224/gallery,https://whc.unesco.org/uploads/thumbs/site_1224_0014-1200-630-20231019093711.jpg
"Temple Zone of Sambor Prei Kuk, Archaeological Site of Ancient Ishanapura",cultural,https://whc.unesco.org/en/list/1532,1532,https://whc.unesco.org/en/list/1532/gallery,https://whc.unesco.org/uploads/thumbs/site_1532_0014-1200-630-20231114171358.jpg
Koh Ker: Archaeological Site of Ancient Lingapura or Chok Gargyar,cultural,https://whc.unesco.org/en/list/1667,1667,https://whc.unesco.org/en/list/1667/gallery,https://whc.unesco.org/uploads/thumbs/site_1667_0014-1200-630-20221103173925.jpg
Cambodian Memorial Sites: From centres of repression to places of peace and reflection,cultural,https://whc.unesco.org/en/list/1748,1748,https://whc.unesco.org/en/list/1748/gallery,https://whc.unesco.org/uploads/thumbs/site_1748_0012-1200-630-20250616145242.jpg
Dja Faunal Reserve,natural,https://whc.unesco.org/en/list/407,407,https://whc.unesco.org/en/list/407/gallery,https://whc.unesco.org/uploads/thumbs/site_0407_0005-1200-630-20151104162649.jpg
Sangha Trinational,natural,https://whc.unesco.org/en/list/1380,1380,https://whc.unesco.org/en/list/1380/gallery,https://whc.unesco.org/uploads/thumbs/site_1380_0004-1200-630-20231020133329.jpg
Diy-Gid-Biy Cultural Landscape of the Mandara Mountains,cultural,https://whc.unesco.org/en/list/1745,1745,https://whc.unesco.org/en/list/1745/gallery,https://whc.unesco.org/uploads/thumbs/site_1745_0003-1200-630-20250711120009.jpg
L’Anse aux Meadows National Historic Site,cultural,https://whc.unesco.org/en/list/4,4,https://whc.unesco.org/en/list/4/gallery,https://whc.unesco.org/uploads/thumbs/site_0004_0001-1200-630-20090924181234.jpg
Nahanni National Park,natural,https://whc.unesco.org/en/list/24,24,https://whc.unesco.org/en/list/24/gallery,https://whc.unesco.org/uploads/thumbs/site_0024_0001-1200-630-20090916184130.jpg
Dinosaur Provincial Park,natural,https://whc.unesco.org/en/list/71,71,https://whc.unesco.org/en/list/71/gallery,https://whc.unesco.org/uploads/thumbs/site_0071_0001-1200-630-20090910163537.jpg
Kluane / Wrangell-St. Elias / Glacier Bay / Tatshenshini-Alsek,natural,https://whc.unesco.org/en/list/72,72,https://whc.unesco.org/en/list/72/gallery,https://whc.unesco.org/uploads/thumbs/site_0072_0027-1200-630-20241127094800.jpg
Head-Smashed-In Buffalo Jump,cultural,https://whc.unesco.org/en/list/158,158,https://whc.unesco.org/en/list/158/gallery,https://whc.unesco.org/uploads/thumbs/site_0158_0001-1200-630-20120917155504.jpg
SGang Gwaay,cultural,https://whc.unesco.org/en/list/157,157,https://whc.unesco.org/en/list/157/gallery,https://whc.unesco.org/uploads/thumbs/site_0157_0001-1200-630-20090924182044.jpg
Wood Buffalo National Park,natural,https://whc.unesco.org/en/list/256,256,https://whc.unesco.org/en/list/256/gallery,https://whc.unesco.org/uploads/thumbs/site_0256_0001-1200-630-20090916185810.jpg
Canadian Rocky Mountain Parks,natural,https://whc.unesco.org/en/list/304,304,https://whc.unesco.org/en/list/304/gallery,https://whc.unesco.org/uploads/thumbs/site_0304_0002-1200-630-20121123104125.jpg
Historic District of Old Québec,cultural,https://whc.unesco.org/en/list/300,300,https://whc.unesco.org/en/list/300/gallery,https://whc.unesco.org/uploads/thumbs/site_0300_0017-1200-630-20151104121017.jpg
Gros Morne National Park,natural,https://whc.unesco.org/en/list/419,419,https://whc.unesco.org/en/list/419/gallery,https://whc.unesco.org/uploads/thumbs/site_0419_0001-1200-630-20090916190933.jpg
Old Town Lunenburg,cultural,https://whc.unesco.org/en/list/741,741,https://whc.unesco.org/en/list/741/gallery,https://whc.unesco.org/uploads/thumbs/site_0741_0018-1200-630-20130716160010.jpg
Waterton Glacier International Peace Park,natural,https://whc.unesco.org/en/list/354,354,https://whc.unesco.org/en/list/354/gallery,https://whc.unesco.org/uploads/thumbs/site_0354_0001-1200-630-20110920201420.jpg
Miguasha National Park,natural,https://whc.unesco.org/en/list/686,686,https://whc.unesco.org/en/list/686/gallery,https://whc.unesco.org/uploads/thumbs/site_0686_0001-1200-630-20090924184624.jpg
Rideau Canal,cultural,https://whc.unesco.org/en/list/1221,1221,https://whc.unesco.org/en/list/1221/gallery,https://whc.unesco.org/uploads/thumbs/site_1221_0001-1200-630-20110920204328.jpg
Joggins Fossil Cliffs,natural,https://whc.unesco.org/en/list/1285,1285,https://whc.unesco.org/en/list/1285/gallery,https://whc.unesco.org/uploads/thumbs/site_1285_0004-1200-630-20231020154730.jpg
Landscape of Grand Pré,cultural,https://whc.unesco.org/en/list/1404,1404,https://whc.unesco.org/en/list/1404/gallery,https://whc.unesco.org/uploads/thumbs/site_1404_0001-1200-630-20151104163357.jpg
Red Bay Basque Whaling Station,cultural,https://whc.unesco.org/en/list/1412,1412,https://whc.unesco.org/en/list/1412/gallery,https://whc.unesco.org/uploads/thumbs/site_1412_0003-1200-630-20221003170347.jpg
Mistaken Point,natural,https://whc.unesco.org/en/list/1497,1497,https://whc.unesco.org/en/list/1497/gallery,https://whc.unesco.org/uploads/thumbs/site_1497_0008-1200-630-20230113162941.jpg
Pimachiowin Aki,mixed,https://whc.unesco.org/en/list/1415,1415,https://whc.unesco.org/en/list/1415/gallery,https://whc.unesco.org/uploads/thumbs/site_1415_0007-1200-630-20230119162929.jpg
Writing-on-Stone / Áísínai’pi,cultural,https://whc.unesco.org/en/list/1597,1597,https://whc.unesco.org/en/list/1597/gallery,https://whc.unesco.org/uploads/thumbs/site_1597_0004-1200-630-20180228145544.jpg
Anticosti,natural,https://whc.unesco.org/en/list/1686,1686,https://whc.unesco.org/en/list/1686/gallery,https://whc.unesco.org/uploads/thumbs/site_1686_0013-1200-630-20231020093515.jpg
Tr’ondëk-Klondike,cultural,https://whc.unesco.org/en/list/1564,1564,https://whc.unesco.org/en/list/1564/gallery,https://whc.unesco.org/uploads/thumbs/site_1564_0009-1200-630-20231020134509.jpg
Manovo-Gounda St Floris National Park,natural_danger,https://whc.unesco.org/en/list/475,475,https://whc.unesco.org/en/list/475/gallery,https://whc.unesco.org/uploads/thumbs/site_0475_0001-1200-630-20151104163513.jpg
Sangha Trinational,natural,https://whc.unesco.org/en/list/1380,1380,https://whc.unesco.org/en/list/1380/gallery,https://whc.unesco.org/uploads/thumbs/site_1380_0004-1200-630-20231020133329.jpg
Lakes of Ounianga,natural,https://whc.unesco.org/en/list/1400,1400,https://whc.unesco.org/en/list/1400/gallery,https://whc.unesco.org/uploads/thumbs/site_1400_0001-1200-630-20120618164520.jpg
Ennedi Massif: Natural and Cultural Landscape,mixed,https://whc.unesco.org/en/list/1475,1475,https://whc.unesco.org/en/list/1475/gallery,https://whc.unesco.org/uploads/thumbs/site_1475_0001-1200-630-20160616155218.jpg
Rapa Nui National Park,cultural,https://whc.unesco.org/en/list/715,715,https://whc.unesco.org/en/list/715/gallery,https://whc.unesco.org/uploads/thumbs/site_0715_0001-1200-630-20090929161624.jpg
Churches of Chiloé,cultural,https://whc.unesco.org/en/list/971,971,https://whc.unesco.org/en/list/971/gallery,https://whc.unesco.org/uploads/thumbs/site_0971_0001-1200-630-20090924190142.jpg
Historic Quarter of the Seaport City of Valparaíso,cultural,https://whc.unesco.org/en/list/959,959,https://whc.unesco.org/en/list/959/gallery,https://whc.unesco.org/uploads/thumbs/site_0959_0020-1200-630-20151104163832.jpg
Humberstone and Santa Laura Saltpeter Works,cultural,https://whc.unesco.org/en/list/1178,1178,https://whc.unesco.org/en/list/1178/gallery,https://whc.unesco.org/uploads/thumbs/site_1178_0004-1200-630-20121115153157.jpg
Sewell Mining Town,cultural,https://whc.unesco.org/en/list/1214,1214,https://whc.unesco.org/en/list/1214/gallery,https://whc.unesco.org/uploads/thumbs/site_1214_0001-1200-630-20151104163303.jpg
"Qhapaq Ñan, Andean Road System",cultural,https://whc.unesco.org/en/list/1459,1459,https://whc.unesco.org/en/list/1459/gallery,https://whc.unesco.org/uploads/thumbs/site_1459_0020-1200-630-20170322164215.jpg
Settlement and Artificial Mummification of the Chinchorro Culture in the Arica and Parinacota Region,cultural,https://whc.unesco.org/en/list/1634,1634,https://whc.unesco.org/en/list/1634/gallery,https://whc.unesco.org/uploads/thumbs/site_1634_0015-1200-630-20211208140652.jpg
Imperial Palaces of the Ming and Qing Dynasties in Beijing and Shenyang,cultural,https://whc.unesco.org/en/list/439,439,https://whc.unesco.org/en/list/439/gallery,https://whc.unesco.org/uploads/thumbs/site_0439_0001-1200-630-20151104132041.jpg
Mausoleum of the First Qin Emperor,cultural,https://whc.unesco.org/en/list/441,441,https://whc.unesco.org/en/list/441/gallery,https://whc.unesco.org/uploads/thumbs/site_0441_0027-1200-630-20140707154047.jpg
Mogao Caves,cultural,https://whc.unesco.org/en/list/440,440,https://whc.unesco.org/en/list/440/gallery,https://whc.unesco.org/uploads/thumbs/site_0440_0002-1200-630-20200821115337.jpg
Mount Taishan,mixed,https://whc.unesco.org/en/list/437,437,https://whc.unesco.org/en/list/437/gallery,https://whc.unesco.org/uploads/thumbs/site_0437_0001-1200-630-20080618103936.jpg
Peking Man Site at Zhoukoudian,cultural,https://whc.unesco.org/en/list/449,449,https://whc.unesco.org/en/list/449/gallery,https://whc.unesco.org/uploads/thumbs/site_0449_0011-1200-630-20241024162447.jpg
The Great Wall,cultural,https://whc.unesco.org/en/list/438,438,https://whc.unesco.org/en/list/438/gallery,https://whc.unesco.org/uploads/thumbs/site_0438_0035-1200-630-20251217144955.jpg
Mount Huangshan,mixed,https://whc.unesco.org/en/list/547,547,https://whc.unesco.org/en/list/547/gallery,https://whc.unesco.org/uploads/thumbs/site_0547_0010-1200-630-20151104164414.jpg
Huanglong Scenic and Historic Interest Area,natural,https://whc.unesco.org/en/list/638,638,https://whc.unesco.org/en/list/638/gallery,https://whc.unesco.org/uploads/thumbs/site_0638_0002-1200-630-20130515152112.jpg
Jiuzhaigou Valley Scenic and Historic Interest Area,natural,https://whc.unesco.org/en/list/637,637,https://whc.unesco.org/en/list/637/gallery,https://whc.unesco.org/uploads/thumbs/site_0637_0018-1200-630-20140707152423.jpg
Wulingyuan Scenic and Historic Interest Area,natural,https://whc.unesco.org/en/list/640,640,https://whc.unesco.org/en/list/640/gallery,https://whc.unesco.org/uploads/thumbs/site_0640_0004-1200-630-20130516161335.jpg
Ancient Building Complex in the Wudang Mountains,cultural,https://whc.unesco.org/en/list/705,705,https://whc.unesco.org/en/list/705/gallery,https://whc.unesco.org/uploads/thumbs/site_0705_0007-1200-630-20231102121558.jpg
"Historic Ensemble of the Potala Palace, Lhasa",cultural,https://whc.unesco.org/en/list/707,707,https://whc.unesco.org/en/list/707/gallery,https://whc.unesco.org/uploads/thumbs/site_0707_0001-1200-630-20110920202629.jpg
"Mountain Resort and its Outlying Temples, Chengde",cultural,https://whc.unesco.org/en/list/703,703,https://whc.unesco.org/en/list/703/gallery,https://whc.unesco.org/uploads/thumbs/site_0703_0011-1200-630-20241024161315.jpg
Temple and Cemetery of Confucius and the Kong Family Mansion in Qufu,cultural,https://whc.unesco.org/en/list/704,704,https://whc.unesco.org/en/list/704/gallery,https://whc.unesco.org/uploads/thumbs/site_0704_0007-1200-630-20131203162349.jpg
Lushan National Park,cultural,https://whc.unesco.org/en/list/778,778,https://whc.unesco.org/en/list/778/gallery,https://whc.unesco.org/uploads/thumbs/site_0778_0005-1200-630-20241024170411.jpg
"Mount Emei Scenic Area, including Leshan Giant Buddha Scenic Area",mixed,https://whc.unesco.org/en/list/779,779,https://whc.unesco.org/en/list/779/gallery,https://whc.unesco.org/uploads/thumbs/site_0779_0005-1200-630-20151104164335.jpg
Ancient City of Ping Yao,cultural,https://whc.unesco.org/en/list/812,812,https://whc.unesco.org/en/list/812/gallery,https://whc.unesco.org/uploads/thumbs/site_0812_0001-1200-630-20151104163332.jpg
Classical Gardens of Suzhou,cultural,https://whc.unesco.org/en/list/813,813,https://whc.unesco.org/en/list/813/gallery,https://whc.unesco.org/uploads/thumbs/site_0813_0021-1200-630-20241024171444.jpg
Old Town of Lijiang,cultural,https://whc.unesco.org/en/list/811,811,https://whc.unesco.org/en/list/811/gallery,https://whc.unesco.org/uploads/thumbs/site_0811_0020-1200-630-20241024173351.jpg
"Summer Palace, an Imperial Garden in Beijing",cultural,https://whc.unesco.org/en/list/880,880,https://whc.unesco.org/en/list/880/gallery,https://whc.unesco.org/uploads/thumbs/site_0880_0048-1200-630-20241025093839.jpg
Temple of Heaven: an Imperial Sacrificial Altar in Beijing,cultural,https://whc.unesco.org/en/list/881,881,https://whc.unesco.org/en/list/881/gallery,https://whc.unesco.org/uploads/thumbs/site_0881_0001-1200-630-20151104133609.jpg
Dazu Rock Carvings,cultural,https://whc.unesco.org/en/list/912,912,https://whc.unesco.org/en/list/912/gallery,https://whc.unesco.org/uploads/thumbs/site_0912_0019-1200-630-20251212132555.jpg
Mount Wuyi,mixed,https://whc.unesco.org/en/list/911,911,https://whc.unesco.org/en/list/911/gallery,https://whc.unesco.org/uploads/thumbs/site_0911_0001-1200-630-20120510172246.jpg
Ancient Villages in Southern Anhui – Xidi and Hongcun,cultural,https://whc.unesco.org/en/list/1002,1002,https://whc.unesco.org/en/list/1002/gallery,https://whc.unesco.org/uploads/thumbs/site_1002_0019-1200-630-20241025102246.jpg
Imperial Tombs of the Ming and Qing Dynasties,cultural,https://whc.unesco.org/en/list/1004,1004,https://whc.unesco.org/en/list/1004/gallery,https://whc.unesco.org/uploads/thumbs/site_1004_0012-1200-630-20241025104608.jpg
Longmen Grottoes,cultural,https://whc.unesco.org/en/list/1003,1003,https://whc.unesco.org/en/list/1003/gallery,https://whc.unesco.org/uploads/thumbs/site_1003_0020-1200-630-20241025105035.jpg
Mount Qingcheng and the Dujiangyan Irrigation System,cultural,https://whc.unesco.org/en/list/1001,1001,https://whc.unesco.org/en/list/1001/gallery,https://whc.unesco.org/uploads/thumbs/site_1001_0019-1200-630-20241025105710.jpg
Yungang Grottoes,cultural,https://whc.unesco.org/en/list/1039,1039,https://whc.unesco.org/en/list/1039/gallery,https://whc.unesco.org/uploads/thumbs/site_1039_0001-1200-630-20090911101855.jpg
Three Parallel Rivers of Yunnan Protected Areas,natural,https://whc.unesco.org/en/list/1083,1083,https://whc.unesco.org/en/list/1083/gallery,https://whc.unesco.org/uploads/thumbs/site_1083_0001-1200-630-20131203121642.jpg
Capital Cities and Tombs of the Ancient Koguryo Kingdom,cultural,https://whc.unesco.org/en/list/1135,1135,https://whc.unesco.org/en/list/1135/gallery,https://whc.unesco.org/uploads/thumbs/site_1135_0013-1200-630-20241025111022.jpg
Historic Centre of Macao,cultural,https://whc.unesco.org/en/list/1110,1110,https://whc.unesco.org/en/list/1110/gallery,https://whc.unesco.org/uploads/thumbs/site_1110_0001-1200-630-20151104164222.jpg
"Sichuan Giant Panda Sanctuaries - Wolong, Mt Siguniang and Jiajin Mountains",natural,https://whc.unesco.org/en/list/1213,1213,https://whc.unesco.org/en/list/1213/gallery,https://whc.unesco.org/uploads/thumbs/site_1213_0001-1200-630-20090928160826.jpg
Yin Xu,cultural,https://whc.unesco.org/en/list/1114,1114,https://whc.unesco.org/en/list/1114/gallery,https://whc.unesco.org/uploads/thumbs/site_1114_0001-1200-630-20171120115638.jpg
Kaiping Diaolou and Villages,cultural,https://whc.unesco.org/en/list/1112,1112,https://whc.unesco.org/en/list/1112/gallery,https://whc.unesco.org/uploads/thumbs/site_1112_0013-1200-630-20241025113228.jpg
South China Karst,natural,https://whc.unesco.org/en/list/1248,1248,https://whc.unesco.org/en/list/1248/gallery,https://whc.unesco.org/uploads/thumbs/site_1248_0019-1200-630-20151104162916.jpg
FujianTulou,cultural,https://whc.unesco.org/en/list/1113,1113,https://whc.unesco.org/en/list/1113/gallery,https://whc.unesco.org/uploads/thumbs/site_1113_0019-1200-630-20251212132717.jpg
Mount Sanqingshan National Park,natural,https://whc.unesco.org/en/list/1292,1292,https://whc.unesco.org/en/list/1292/gallery,https://whc.unesco.org/uploads/thumbs/site_1292_0013-1200-630-20231018164434.jpg
Mount Wutai,cultural,https://whc.unesco.org/en/list/1279,1279,https://whc.unesco.org/en/list/1279/gallery,https://whc.unesco.org/uploads/thumbs/site_1279_0029-1200-630-20241025120657.jpg
China Danxia,natural,https://whc.unesco.org/en/list/1335,1335,https://whc.unesco.org/en/list/1335/gallery,https://whc.unesco.org/uploads/thumbs/site_1335_0001-1200-630-20151104163144.jpg
Historic Monuments of Dengfeng in “The Centre of Heaven and Earth”,cultural,https://whc.unesco.org/en/list/1305,1305,https://whc.unesco.org/en/list/1305/gallery,https://whc.unesco.org/uploads/thumbs/site_1305_0001-1200-630-20100728180405.jpg
West Lake Cultural Landscape of Hangzhou,cultural,https://whc.unesco.org/en/list/1334,1334,https://whc.unesco.org/en/list/1334/gallery,https://whc.unesco.org/uploads/thumbs/site_1334_0003-1200-630-20230117103357.jpg
Chengjiang Fossil Site,natural,https://whc.unesco.org/en/list/1388,1388,https://whc.unesco.org/en/list/1388/gallery,https://whc.unesco.org/uploads/thumbs/site_1388_0006-1200-630-20221003102302.jpg
Site of Xanadu,cultural,https://whc.unesco.org/en/list/1389,1389,https://whc.unesco.org/en/list/1389/gallery,https://whc.unesco.org/uploads/thumbs/site_1389_0006-1200-630-20221003165742.jpg
Cultural Landscape of Honghe Hani Rice Terraces,cultural,https://whc.unesco.org/en/list/1111,1111,https://whc.unesco.org/en/list/1111/gallery,https://whc.unesco.org/uploads/thumbs/site_1111_0014-1200-630-20221003165412.jpg
Xinjiang Tianshan,natural,https://whc.unesco.org/en/list/1414,1414,https://whc.unesco.org/en/list/1414/gallery,https://whc.unesco.org/uploads/thumbs/site_1414_0005-1200-630-20230112113253.jpg
Silk Roads: the Routes Network of Chang'an-Tianshan Corridor,cultural,https://whc.unesco.org/en/list/1442,1442,https://whc.unesco.org/en/list/1442/gallery,https://whc.unesco.org/uploads/thumbs/site_1442_0008-1200-630-20140622125232.jpg
The Grand Canal,cultural,https://whc.unesco.org/en/list/1443,1443,https://whc.unesco.org/en/list/1443/gallery,https://whc.unesco.org/uploads/thumbs/site_1443_0006-1200-630-20241125102118.jpg
Tusi Sites,cultural,https://whc.unesco.org/en/list/1474,1474,https://whc.unesco.org/en/list/1474/gallery,https://whc.unesco.org/uploads/thumbs/site_1474_0014-1200-630-20150610113254.jpg
Hubei Shennongjia,natural,https://whc.unesco.org/en/list/1509,1509,https://whc.unesco.org/en/list/1509/gallery,https://whc.unesco.org/uploads/thumbs/site_1509_0001-1200-630-20160616154857.jpg
Zuojiang Huashan Rock Art Cultural Landscape,cultural,https://whc.unesco.org/en/list/1508,1508,https://whc.unesco.org/en/list/1508/gallery,https://whc.unesco.org/uploads/thumbs/site_1508_0002-1200-630-20220208174831.jpg
"Kulangsu, a Historic International Settlement",cultural,https://whc.unesco.org/en/list/1541,1541,https://whc.unesco.org/en/list/1541/gallery,https://whc.unesco.org/uploads/thumbs/site_1541_0147-1200-630-20241025173022.jpg
Qinghai Hoh Xil,natural,https://whc.unesco.org/en/list/1540,1540,https://whc.unesco.org/en/list/1540/gallery,https://whc.unesco.org/uploads/thumbs/site_1540_0001-1200-630-20250922154048.jpg
Fanjingshan,natural,https://whc.unesco.org/en/list/1559,1559,https://whc.unesco.org/en/list/1559/gallery,https://whc.unesco.org/uploads/thumbs/site_1559_0001-1200-630-20180221141800.jpg
Archaeological Ruins of Liangzhu City,cultural,https://whc.unesco.org/en/list/1592,1592,https://whc.unesco.org/en/list/1592/gallery,https://whc.unesco.org/uploads/thumbs/site_1592_0001-1200-630-20180301113717.jpg
Migratory Bird Sanctuaries along the Coast of Yellow Sea-Bohai Gulf of China,natural,https://whc.unesco.org/en/list/1606,1606,https://whc.unesco.org/en/list/1606/gallery,https://whc.unesco.org/uploads/thumbs/site_1606_0015-1200-630-20221005164634.jpg
Quanzhou: Emporium of the World in Song-Yuan China,cultural,https://whc.unesco.org/en/list/1561,1561,https://whc.unesco.org/en/list/1561/gallery,https://whc.unesco.org/uploads/thumbs/site_1561_0023-1200-630-20221005173322.jpg
Cultural Landscape of Old Tea Forests of the Jingmai Mountain in Pu’er,cultural,https://whc.unesco.org/en/list/1665,1665,https://whc.unesco.org/en/list/1665/gallery,https://whc.unesco.org/uploads/thumbs/site_1665_0003-1200-630-20231020101434.jpg
Badain Jaran Desert - Towers of Sand and Lakes,natural,https://whc.unesco.org/en/list/1638,1638,https://whc.unesco.org/en/list/1638/gallery,https://whc.unesco.org/uploads/thumbs/site_1638_0015-1200-630-20240604175853.jpg
Beijing Central Axis: A Building Ensemble Exhibiting the Ideal Order of the Chinese Capital,cultural,https://whc.unesco.org/en/list/1714,1714,https://whc.unesco.org/en/list/1714/gallery,https://whc.unesco.org/uploads/thumbs/site_1714_0004-1200-630-20240607152723.jpg
Xixia Imperial Tombs,cultural,https://whc.unesco.org/en/list/1736,1736,https://whc.unesco.org/en/list/1736/gallery,https://whc.unesco.org/uploads/thumbs/site_1736_0001-1200-630-20250616145549.jpg
"Port, Fortresses and Group of Monuments, Cartagena",cultural,https://whc.unesco.org/en/list/285,285,https://whc.unesco.org/en/list/285/gallery,https://whc.unesco.org/uploads/thumbs/site_0285_0021-1200-630-20130917145041.jpg
Los Katíos National Park,natural,https://whc.unesco.org/en/list/711,711,https://whc.unesco.org/en/list/711/gallery,https://whc.unesco.org/uploads/thumbs/site_0711_0007-1200-630-20151104121656.jpg
Historic Centre of Santa Cruz de Mompox,cultural,https://whc.unesco.org/en/list/742,742,https://whc.unesco.org/en/list/742/gallery,https://whc.unesco.org/uploads/thumbs/site_0742_0007-1200-630-20131010164543.jpg
National Archeological Park of Tierradentro,cultural,https://whc.unesco.org/en/list/743,743,https://whc.unesco.org/en/list/743/gallery,https://whc.unesco.org/uploads/thumbs/site_0743_0008-1200-630-20121203121655.jpg
San Agustín Archaeological Park,cultural,https://whc.unesco.org/en/list/744,744,https://whc.unesco.org/en/list/744/gallery,https://whc.unesco.org/uploads/thumbs/site_0744_0001-1200-630-20080618154303.jpg
Malpelo Fauna and Flora Sanctuary,natural,https://whc.unesco.org/en/list/1216,1216,https://whc.unesco.org/en/list/1216/gallery,https://whc.unesco.org/uploads/thumbs/site_1216_0001-1200-630-20130426173109.jpg
Coffee Cultural Landscape of Colombia,cultural,https://whc.unesco.org/en/list/1121,1121,https://whc.unesco.org/en/list/1121/gallery,https://whc.unesco.org/uploads/thumbs/site_1121_0002-1200-630-20160229152636.jpg
"Qhapaq Ñan, Andean Road System",cultural,https://whc.unesco.org/en/list/1459,1459,https://whc.unesco.org/en/list/1459/gallery,https://whc.unesco.org/uploads/thumbs/site_1459_0020-1200-630-20170322164215.jpg
Chiribiquete National Park – “The Maloca of the Jaguar”,mixed,https://whc.unesco.org/en/list/1174,1174,https://whc.unesco.org/en/list/1174/gallery,https://whc.unesco.org/uploads/thumbs/site_1174_0003-1200-630-20180307123653.jpg
Sangha Trinational,natural,https://whc.unesco.org/en/list/1380,1380,https://whc.unesco.org/en/list/1380/gallery,https://whc.unesco.org/uploads/thumbs/site_1380_0004-1200-630-20231020133329.jpg
Forest Massif of Odzala-Kokoua,natural,https://whc.unesco.org/en/list/692,692,https://whc.unesco.org/en/list/692/gallery,https://whc.unesco.org/uploads/thumbs/site_0692_0010-1200-630-20231020121419.jpg
Talamanca Range-La Amistad Reserves / La Amistad National Park,natural,https://whc.unesco.org/en/list/205,205,https://whc.unesco.org/en/list/205/gallery,https://whc.unesco.org/uploads/thumbs/site_0205_0002-1200-630-20151104121811.jpg
Cocos Island National Park,natural,https://whc.unesco.org/en/list/820,820,https://whc.unesco.org/en/list/820/gallery,https://whc.unesco.org/uploads/thumbs/site_0820_0001-1200-630-20120917103600.jpg
Area de Conservación Guanacaste,natural,https://whc.unesco.org/en/list/928,928,https://whc.unesco.org/en/list/928/gallery,https://whc.unesco.org/uploads/thumbs/site_0928_0017-1200-630-20130919151557.jpg
Precolumbian Chiefdom Settlements with Stone Spheres of the Diquís,cultural,https://whc.unesco.org/en/list/1453,1453,https://whc.unesco.org/en/list/1453/gallery,https://whc.unesco.org/uploads/thumbs/site_1453_0010-1200-630-20221125094054.jpg
Mount Nimba Strict Nature Reserve,natural_danger,https://whc.unesco.org/en/list/155,155,https://whc.unesco.org/en/list/155/gallery,https://whc.unesco.org/uploads/thumbs/site_0155_0008-1200-630-20200908110250.jpg
Taï National Park,natural,https://whc.unesco.org/en/list/195,195,https://whc.unesco.org/en/list/195/gallery,
Comoé National Park,natural,https://whc.unesco.org/en/list/227,227,https://whc.unesco.org/en/list/227/gallery,
Historic Town of Grand-Bassam,cultural,https://whc.unesco.org/en/list/1322,1322,https://whc.unesco.org/en/list/1322/gallery,https://whc.unesco.org/uploads/thumbs/site_1322_0005-1200-630-20221006115725.jpg
Sudanese style mosques in northern Côte d’Ivoire,cultural,https://whc.unesco.org/en/list/1648,1648,https://whc.unesco.org/en/list/1648/gallery,https://whc.unesco.org/uploads/thumbs/site_1648_0011-1200-630-20211207165615.jpg
Historical Complex of Split with the Palace of Diocletian,cultural,https://whc.unesco.org/en/list/97,97,https://whc.unesco.org/en/list/97/gallery,https://whc.unesco.org/uploads/thumbs/site_0097_0035-1200-630-20151104150557.jpg
Old City of Dubrovnik,cultural,https://whc.unesco.org/en/list/95,95,https://whc.unesco.org/en/list/95/gallery,https://whc.unesco.org/uploads/thumbs/site_0095_0001-1200-630-20151104150638.jpg
Plitvice Lakes National Park,natural,https://whc.unesco.org/en/list/98,98,https://whc.unesco.org/en/list/98/gallery,https://whc.unesco.org/uploads/thumbs/site_0098_0003-1200-630-20251022174908.jpg
Episcopal Complex of the Euphrasian Basilica in the Historic Centre of Poreč,cultural,https://whc.unesco.org/en/list/809,809,https://whc.unesco.org/en/list/809/gallery,https://whc.unesco.org/uploads/thumbs/site_0809_0003-1200-630-20151104150413.jpg
Historic City of Trogir,cultural,https://whc.unesco.org/en/list/810,810,https://whc.unesco.org/en/list/810/gallery,https://whc.unesco.org/uploads/thumbs/site_0810_0001-1200-630-20151104150513.jpg
The Cathedral of St James in Šibenik,cultural,https://whc.unesco.org/en/list/963,963,https://whc.unesco.org/en/list/963/gallery,https://whc.unesco.org/uploads/thumbs/site_0963_0003-1200-630-20151104164519.jpg
Ancient and Primeval Beech Forests of the Carpathians and Other Regions of Europe,natural,https://whc.unesco.org/en/list/1133,1133,https://whc.unesco.org/en/list/1133/gallery,https://whc.unesco.org/uploads/thumbs/site_1133_0076-1200-630-20251103122935.jpg
Stari Grad Plain,cultural,https://whc.unesco.org/en/list/1240,1240,https://whc.unesco.org/en/list/1240/gallery,https://whc.unesco.org/uploads/thumbs/site_1240_0011-1200-630-20231020095109.jpg
Stećci Medieval Tombstone Graveyards,cultural,https://whc.unesco.org/en/list/1504,1504,https://whc.unesco.org/en/list/1504/gallery,https://whc.unesco.org/uploads/thumbs/site_1504_0033-1200-630-20251202101223.jpg
Venetian Works of Defence between the 16th and 17th Centuries:Stato da Terra– WesternStato da Mar,cultural,https://whc.unesco.org/en/list/1533,1533,https://whc.unesco.org/en/list/1533/gallery,https://whc.unesco.org/uploads/thumbs/site_1533_0001-1200-630-20230109203151.jpg
Old Havana and its Fortification System,cultural,https://whc.unesco.org/en/list/204,204,https://whc.unesco.org/en/list/204/gallery,https://whc.unesco.org/uploads/thumbs/site_0204_0002-1200-630-20151104164703.jpg
Trinidad and the Valley de los Ingenios,cultural,https://whc.unesco.org/en/list/460,460,https://whc.unesco.org/en/list/460/gallery,https://whc.unesco.org/uploads/thumbs/site_0460_0015-1200-630-20151104164745.jpg
"San Pedro de la Roca Castle, Santiago de Cuba",cultural,https://whc.unesco.org/en/list/841,841,https://whc.unesco.org/en/list/841/gallery,https://whc.unesco.org/uploads/thumbs/site_0841_0018-1200-630-20151104165654.jpg
Desembarco del Granma National Park,natural,https://whc.unesco.org/en/list/889,889,https://whc.unesco.org/en/list/889/gallery,https://whc.unesco.org/uploads/thumbs/site_0889_0001-1200-630-20091001210753.jpg
Viñales Valley,cultural,https://whc.unesco.org/en/list/840,840,https://whc.unesco.org/en/list/840/gallery,https://whc.unesco.org/uploads/thumbs/site_0840_0011-1200-630-20151104164840.jpg
Archaeological Landscape of the First Coffee Plantations in the South-East of Cuba,cultural,https://whc.unesco.org/en/list/1008,1008,https://whc.unesco.org/en/list/1008/gallery,https://whc.unesco.org/uploads/thumbs/site_1008_0012-1200-630-20151104164550.jpg
Alejandro de Humboldt National Park,natural,https://whc.unesco.org/en/list/839,839,https://whc.unesco.org/en/list/839/gallery,https://whc.unesco.org/uploads/thumbs/site_0839_0001-1200-630-20151104165420.jpg
Urban Historic Centre of Cienfuegos,cultural,https://whc.unesco.org/en/list/1202,1202,https://whc.unesco.org/en/list/1202/gallery,https://whc.unesco.org/uploads/thumbs/site_1202_0001-1200-630-20151104164759.jpg
Historic Centre of Camagüey,cultural,https://whc.unesco.org/en/list/1270,1270,https://whc.unesco.org/en/list/1270/gallery,https://whc.unesco.org/uploads/thumbs/site_1270_0016-1200-630-20231020120937.jpg
Paphos,cultural,https://whc.unesco.org/en/list/79,79,https://whc.unesco.org/en/list/79/gallery,https://whc.unesco.org/uploads/thumbs/site_0079_0002-1200-630-20151104165016.jpg
Painted Churches in the Troodos Region,cultural,https://whc.unesco.org/en/list/351,351,https://whc.unesco.org/en/list/351/gallery,https://whc.unesco.org/uploads/thumbs/site_0351_0002-1200-630-20151104164936.jpg
Choirokoitia,cultural,https://whc.unesco.org/en/list/848,848,https://whc.unesco.org/en/list/848/gallery,https://whc.unesco.org/uploads/thumbs/site_0848_0001-1200-630-20151104164854.jpg
Historic Centre of Český Krumlov,cultural,https://whc.unesco.org/en/list/617,617,https://whc.unesco.org/en/list/617/gallery,https://whc.unesco.org/uploads/thumbs/site_0617_0001-1200-630-20151104165045.jpg
Historic Centre of Prague,cultural,https://whc.unesco.org/en/list/616,616,https://whc.unesco.org/en/list/616/gallery,https://whc.unesco.org/uploads/thumbs/site_0616_0026-1200-630-20151104165138.jpg
Historic Centre of Telč,cultural,https://whc.unesco.org/en/list/621,621,https://whc.unesco.org/en/list/621/gallery,https://whc.unesco.org/uploads/thumbs/site_0621_0013-1200-630-20140623151316.jpg
Pilgrimage Church of St John of Nepomuk at Zelená Hora,cultural,https://whc.unesco.org/en/list/690,690,https://whc.unesco.org/en/list/690/gallery,https://whc.unesco.org/uploads/thumbs/site_0690_0003-1200-630-20150518200756.jpg
Kutná Hora: Historical Town Centre with the Church of St Barbara and the Cathedral of Our Lady at Sedlec,cultural,https://whc.unesco.org/en/list/732,732,https://whc.unesco.org/en/list/732/gallery,https://whc.unesco.org/uploads/thumbs/site_0732_0004-1200-630-20150518200343.jpg
Lednice-Valtice Cultural Landscape,cultural,https://whc.unesco.org/en/list/763,763,https://whc.unesco.org/en/list/763/gallery,https://whc.unesco.org/uploads/thumbs/site_0763_0007-1200-630-20150518200302.jpg
Gardens and Castle at Kroměříž,cultural,https://whc.unesco.org/en/list/860,860,https://whc.unesco.org/en/list/860/gallery,https://whc.unesco.org/uploads/thumbs/site_0860_0001-1200-630-20090917210244.jpg
Holašovice Historic Village,cultural,https://whc.unesco.org/en/list/861,861,https://whc.unesco.org/en/list/861/gallery,https://whc.unesco.org/uploads/thumbs/site_0861_0001-1200-630-20151104165719.jpg
Litomyšl Castle,cultural,https://whc.unesco.org/en/list/901,901,https://whc.unesco.org/en/list/901/gallery,https://whc.unesco.org/uploads/thumbs/site_0901_0001-1200-630-20090917164544.jpg
Holy Trinity Column in Olomouc,cultural,https://whc.unesco.org/en/list/859,859,https://whc.unesco.org/en/list/859/gallery,https://whc.unesco.org/uploads/thumbs/site_0859_0015-1200-630-20200514182338.jpg
Tugendhat Villa in Brno,cultural,https://whc.unesco.org/en/list/1052,1052,https://whc.unesco.org/en/list/1052/gallery,https://whc.unesco.org/uploads/thumbs/site_1052_0004-1200-630-20100802164322.jpg
Jewish Quarter and St Procopius' Basilica in Třebíč,cultural,https://whc.unesco.org/en/list/1078,1078,https://whc.unesco.org/en/list/1078/gallery,https://whc.unesco.org/uploads/thumbs/site_1078_0001-1200-630-20090917205808.jpg
Ancient and Primeval Beech Forests of the Carpathians and Other Regions of Europe,natural,https://whc.unesco.org/en/list/1133,1133,https://whc.unesco.org/en/list/1133/gallery,https://whc.unesco.org/uploads/thumbs/site_1133_0076-1200-630-20251103122935.jpg
Erzgebirge/Krušnohoří Mining Region,cultural,https://whc.unesco.org/en/list/1478,1478,https://whc.unesco.org/en/list/1478/gallery,https://whc.unesco.org/uploads/thumbs/site_1478_0014-1200-630-20260206163729.jpg
Landscape for Breeding and Training of Ceremonial Carriage Horses at Kladruby nad Labem,cultural,https://whc.unesco.org/en/list/1589,1589,https://whc.unesco.org/en/list/1589/gallery,https://whc.unesco.org/uploads/thumbs/site_1589_0006-1200-630-20180613111159.jpg
The Great Spa Towns of Europe,cultural,https://whc.unesco.org/en/list/1613,1613,https://whc.unesco.org/en/list/1613/gallery,https://whc.unesco.org/uploads/thumbs/site_1613_0001-1200-630-20210401103443.jpg
Žatec and the Landscape of Saaz Hops,cultural,https://whc.unesco.org/en/list/1558,1558,https://whc.unesco.org/en/list/1558/gallery,https://whc.unesco.org/uploads/thumbs/site_1558_0002-1200-630-20231020095348.jpg
Complex of Koguryo Tombs,cultural,https://whc.unesco.org/en/list/1091,1091,https://whc.unesco.org/en/list/1091/gallery,https://whc.unesco.org/uploads/thumbs/site_1091_0004-1200-630-20150518195936.jpg
Historic Monuments and Sites in Kaesong,cultural,https://whc.unesco.org/en/list/1278,1278,https://whc.unesco.org/en/list/1278/gallery,https://whc.unesco.org/uploads/thumbs/site_1278_0003-1200-630-20230223093751.jpg
Mount Kumgang – Diamond Mountain from the Sea,mixed,https://whc.unesco.org/en/list/1642,1642,https://whc.unesco.org/en/list/1642/gallery,https://whc.unesco.org/uploads/thumbs/site_1642_0002-1200-630-20250616142830.jpg
Virunga National Park,natural_danger,https://whc.unesco.org/en/list/63,63,https://whc.unesco.org/en/list/63/gallery,https://whc.unesco.org/uploads/thumbs/site_0063_0001-1200-630-20150413150423.jpg
Kahuzi-Biega National Park,natural_danger,https://whc.unesco.org/en/list/137,137,https://whc.unesco.org/en/list/137/gallery,https://whc.unesco.org/uploads/thumbs/site_0137_0001-1200-630-20151104165745.jpg
Garamba National Park,natural_danger,https://whc.unesco.org/en/list/136,136,https://whc.unesco.org/en/list/136/gallery,https://whc.unesco.org/uploads/thumbs/site_0136_0004-1200-630-20250520162717.jpg
Salonga National Park,natural,https://whc.unesco.org/en/list/280,280,https://whc.unesco.org/en/list/280/gallery,https://whc.unesco.org/uploads/thumbs/site_0280_0003-1200-630-20151104165255.jpg
Okapi Wildlife Reserve,natural_danger,https://whc.unesco.org/en/list/718,718,https://whc.unesco.org/en/list/718/gallery,https://whc.unesco.org/uploads/thumbs/site_0718_0013-1200-630-20120627160923.jpg
"Jelling Mounds, Runic Stones and Church",cultural,https://whc.unesco.org/en/list/697,697,https://whc.unesco.org/en/list/697/gallery,https://whc.unesco.org/uploads/thumbs/site_0697_0006-1200-630-20140526120610.jpg
Roskilde Cathedral,cultural,https://whc.unesco.org/en/list/695,695,https://whc.unesco.org/en/list/695/gallery,https://whc.unesco.org/uploads/thumbs/site_0695_0002-1200-630-20100921195543.jpg
Kronborg Castle,cultural,https://whc.unesco.org/en/list/696,696,https://whc.unesco.org/en/list/696/gallery,https://whc.unesco.org/uploads/thumbs/site_0696_0008-1200-630-20151104165852.jpg
Ilulissat Icefjord,natural,https://whc.unesco.org/en/list/1149,1149,https://whc.unesco.org/en/list/1149/gallery,https://whc.unesco.org/uploads/thumbs/site_1149_0001-1200-630-20250108121301.jpg
Wadden Sea,natural,https://whc.unesco.org/en/list/1314,1314,https://whc.unesco.org/en/list/1314/gallery,https://whc.unesco.org/uploads/thumbs/site_1314_0002-1200-630-20260121174935.jpg
Stevns Klint,natural,https://whc.unesco.org/en/list/1416,1416,https://whc.unesco.org/en/list/1416/gallery,https://whc.unesco.org/uploads/thumbs/site_1416_0013-1200-630-20221125093130.jpg
Moravian Church Settlements,cultural,https://whc.unesco.org/en/list/1468,1468,https://whc.unesco.org/en/list/1468/gallery,https://whc.unesco.org/uploads/thumbs/site_1468_0030-1200-630-20260126095630.jpg
The par force hunting landscape in North Zealand,cultural,https://whc.unesco.org/en/list/1469,1469,https://whc.unesco.org/en/list/1469/gallery,https://whc.unesco.org/uploads/thumbs/site_1469_0005-1200-630-20230113165201.jpg
Kujataa Greenland: Norse and Inuit Farming at the Edge of the Ice Cap,cultural,https://whc.unesco.org/en/list/1536,1536,https://whc.unesco.org/en/list/1536/gallery,https://whc.unesco.org/uploads/thumbs/site_1536_0008-1200-630-20230222175858.jpg
Aasivissuit – Nipisat. Inuit Hunting Ground between Ice and Sea,cultural,https://whc.unesco.org/en/list/1557,1557,https://whc.unesco.org/en/list/1557/gallery,https://whc.unesco.org/uploads/thumbs/site_1557_0003-1200-630-20180219145635.jpg
Viking-Age Ring Fortresses,cultural,https://whc.unesco.org/en/list/1660,1660,https://whc.unesco.org/en/list/1660/gallery,https://whc.unesco.org/uploads/thumbs/site_1660_0001-1200-630-20230523163405.jpg
Møns Klint,natural,https://whc.unesco.org/en/list/1728,1728,https://whc.unesco.org/en/list/1728/gallery,https://whc.unesco.org/uploads/thumbs/site_1728_0010-1200-630-20250324140343.jpg
Morne Trois Pitons National Park,natural,https://whc.unesco.org/en/list/814,814,https://whc.unesco.org/en/list/814/gallery,https://whc.unesco.org/uploads/thumbs/site_0814_0002-1200-630-20151104165937.jpg
Colonial City of Santo Domingo,cultural,https://whc.unesco.org/en/list/526,526,https://whc.unesco.org/en/list/526/gallery,https://whc.unesco.org/uploads/thumbs/site_0526_0001-1200-630-20110920201407.jpg
City of Quito,cultural,https://whc.unesco.org/en/list/2,2,https://whc.unesco.org/en/list/2/gallery,https://whc.unesco.org/uploads/thumbs/site_0002_0001-1200-630-20151104170001.jpg
Galápagos Islands,natural,https://whc.unesco.org/en/list/1,1,https://whc.unesco.org/en/list/1/gallery,https://whc.unesco.org/uploads/thumbs/site_0001_0002-1200-630-20151104133031.jpg
Sangay National Park,natural,https://whc.unesco.org/en/list/260,260,https://whc.unesco.org/en/list/260/gallery,https://whc.unesco.org/uploads/thumbs/site_0260_0003-1200-630-20150518200716.jpg
Historic Centre of Santa Ana de los Ríos de Cuenca,cultural,https://whc.unesco.org/en/list/863,863,https://whc.unesco.org/en/list/863/gallery,https://whc.unesco.org/uploads/thumbs/site_0863_0004-1200-630-20121203153628.jpg
"Qhapaq Ñan, Andean Road System",cultural,https://whc.unesco.org/en/list/1459,1459,https://whc.unesco.org/en/list/1459/gallery,https://whc.unesco.org/uploads/thumbs/site_1459_0020-1200-630-20170322164215.jpg
Abu Mena,cultural,https://whc.unesco.org/en/list/90,90,https://whc.unesco.org/en/list/90/gallery,https://whc.unesco.org/uploads/thumbs/site_0090_0013-1200-630-20160810112723.jpg
Ancient Thebes with its Necropolis,cultural,https://whc.unesco.org/en/list/87,87,https://whc.unesco.org/en/list/87/gallery,https://whc.unesco.org/uploads/thumbs/site_0087_0001-1200-630-20120606095508.jpg
Historic Cairo,cultural,https://whc.unesco.org/en/list/89,89,https://whc.unesco.org/en/list/89/gallery,https://whc.unesco.org/uploads/thumbs/site_0089_0001-1200-630-20151104130534.jpg
Memphis and its Necropolis – the Pyramid Fields from Giza to Dahshur,cultural,https://whc.unesco.org/en/list/86,86,https://whc.unesco.org/en/list/86/gallery,https://whc.unesco.org/uploads/thumbs/site_0086_0020-1200-630-20151104170236.jpg
Nubian Monuments from Abu Simbel to Philae,cultural,https://whc.unesco.org/en/list/88,88,https://whc.unesco.org/en/list/88/gallery,https://whc.unesco.org/uploads/thumbs/site_0088_0001-1200-630-20120820105715.jpg
Saint Catherine Area,cultural,https://whc.unesco.org/en/list/954,954,https://whc.unesco.org/en/list/954/gallery,https://whc.unesco.org/uploads/thumbs/site_0954_0018-1200-630-20151104170729.jpg
Wadi Al-Hitan (Whale Valley),natural,https://whc.unesco.org/en/list/1186,1186,https://whc.unesco.org/en/list/1186/gallery,https://whc.unesco.org/uploads/thumbs/site_1186_0012-1200-630-20151104170818.jpg
Joya de Cerén Archaeological Site,cultural,https://whc.unesco.org/en/list/675,675,https://whc.unesco.org/en/list/675/gallery,https://whc.unesco.org/uploads/thumbs/site_0675_0001-1200-630-20090925160354.jpg
Asmara: A Modernist African City,cultural,https://whc.unesco.org/en/list/1550,1550,https://whc.unesco.org/en/list/1550/gallery,https://whc.unesco.org/uploads/thumbs/site_1550_0007-1200-630-20221005094816.jpg
Historic Centre (Old Town) of Tallinn,cultural,https://whc.unesco.org/en/list/822,822,https://whc.unesco.org/en/list/822/gallery,https://whc.unesco.org/uploads/thumbs/site_0822_0001-1200-630-20180319103210.jpg
Struve Geodetic Arc,cultural,https://whc.unesco.org/en/list/1187,1187,https://whc.unesco.org/en/list/1187/gallery,https://whc.unesco.org/uploads/thumbs/site_1187_0001-1200-630-20151104154840.jpg
"Rock-Hewn Churches, Lalibela",cultural,https://whc.unesco.org/en/list/18,18,https://whc.unesco.org/en/list/18/gallery,https://whc.unesco.org/uploads/thumbs/site_0018_0016-1200-630-20151104173458.jpg
Simien National Park,natural,https://whc.unesco.org/en/list/9,9,https://whc.unesco.org/en/list/9/gallery,https://whc.unesco.org/uploads/thumbs/site_0009_0019-1200-630-20251126175841.jpg
"Fasil Ghebbi, Gondar Region",cultural,https://whc.unesco.org/en/list/19,19,https://whc.unesco.org/en/list/19/gallery,https://whc.unesco.org/uploads/thumbs/site_0019_0001-1200-630-20151104170938.jpg
Aksum,cultural,https://whc.unesco.org/en/list/15,15,https://whc.unesco.org/en/list/15/gallery,https://whc.unesco.org/uploads/thumbs/site_0015_0001-1200-630-20151104173335.jpg
Lower Valley of the Awash,cultural,https://whc.unesco.org/en/list/10,10,https://whc.unesco.org/en/list/10/gallery,https://whc.unesco.org/uploads/thumbs/site_0010_0001-1200-630-20250109111729.jpg
Lower Valley of the Omo,cultural,https://whc.unesco.org/en/list/17,17,https://whc.unesco.org/en/list/17/gallery,https://whc.unesco.org/uploads/thumbs/site_0017_0001-1200-630-20090925163746.jpg
Tiya,cultural,https://whc.unesco.org/en/list/12,12,https://whc.unesco.org/en/list/12/gallery,https://whc.unesco.org/uploads/thumbs/site_0012_0001-1200-630-20250109113551.jpg
"Harar Jugol, the Fortified Historic Town",cultural,https://whc.unesco.org/en/list/1189,1189,https://whc.unesco.org/en/list/1189/gallery,https://whc.unesco.org/uploads/thumbs/site_1189_0015-1200-630-20151030102820.jpg
Konso Cultural Landscape,cultural,https://whc.unesco.org/en/list/1333,1333,https://whc.unesco.org/en/list/1333/gallery,https://whc.unesco.org/uploads/thumbs/site_1333_0001-1200-630-20230116123537.jpg
Bale Mountains National Park,natural,https://whc.unesco.org/en/list/111,111,https://whc.unesco.org/en/list/111/gallery,https://whc.unesco.org/uploads/thumbs/site_0111_0001-1200-630-20220317163041.jpg
The Gedeo Cultural Landscape,cultural,https://whc.unesco.org/en/list/1641,1641,https://whc.unesco.org/en/list/1641/gallery,https://whc.unesco.org/uploads/thumbs/site_1641_0011-1200-630-20230703151352.jpg
Melka Kunture and Balchit: Archaeological and Palaeontological Sites in the Highland Area of Ethiopia,cultural,https://whc.unesco.org/en/list/13,13,https://whc.unesco.org/en/list/13/gallery,https://whc.unesco.org/uploads/thumbs/site_0013_0003-1200-630-20240605105439.jpg
Levuka Historical Port Town,cultural,https://whc.unesco.org/en/list/1399,1399,https://whc.unesco.org/en/list/1399/gallery,https://whc.unesco.org/uploads/thumbs/site_1399_0001-1200-630-20130618141208.jpg
Fortress of Suomenlinna,cultural,https://whc.unesco.org/en/list/583,583,https://whc.unesco.org/en/list/583/gallery,https://whc.unesco.org/uploads/thumbs/site_0583_0004-1200-630-20151104174432.jpg
Old Rauma,cultural,https://whc.unesco.org/en/list/582,582,https://whc.unesco.org/en/list/582/gallery,https://whc.unesco.org/uploads/thumbs/site_0582_0009-1200-630-20140110155852.jpg
Petäjävesi Old Church,cultural,https://whc.unesco.org/en/list/584,584,https://whc.unesco.org/en/list/584/gallery,https://whc.unesco.org/uploads/thumbs/site_0584_0001-1200-630-20090910174931.jpg
Verla Groundwood and Board Mill,cultural,https://whc.unesco.org/en/list/751,751,https://whc.unesco.org/en/list/751/gallery,https://whc.unesco.org/uploads/thumbs/site_0751_0001-1200-630-20090925164428.jpg
Bronze Age Burial Site of Sammallahdenmäki,cultural,https://whc.unesco.org/en/list/579,579,https://whc.unesco.org/en/list/579/gallery,https://whc.unesco.org/uploads/thumbs/site_0579_0001-1200-630-20090925165115.jpg
High Coast / Kvarken Archipelago,natural,https://whc.unesco.org/en/list/898,898,https://whc.unesco.org/en/list/898/gallery,https://whc.unesco.org/uploads/thumbs/site_0898_0001-1200-630-20110920203436.jpg
Struve Geodetic Arc,cultural,https://whc.unesco.org/en/list/1187,1187,https://whc.unesco.org/en/list/1187/gallery,https://whc.unesco.org/uploads/thumbs/site_1187_0001-1200-630-20151104154840.jpg
Chartres Cathedral,cultural,https://whc.unesco.org/en/list/81,81,https://whc.unesco.org/en/list/81/gallery,https://whc.unesco.org/uploads/thumbs/site_0081_0001-1200-630-20151104132433.jpg
Mont-Saint-Michel and its Bay,cultural,https://whc.unesco.org/en/list/80,80,https://whc.unesco.org/en/list/80/gallery,https://whc.unesco.org/uploads/thumbs/site_0080_0050-1200-630-20241028145740.jpg
Palace and Park of Versailles,cultural,https://whc.unesco.org/en/list/83,83,https://whc.unesco.org/en/list/83/gallery,https://whc.unesco.org/uploads/thumbs/site_0083_0019-1200-630-20251022164059.jpg
Prehistoric Sites and Decorated Caves of the Vézère Valley,cultural,https://whc.unesco.org/en/list/85,85,https://whc.unesco.org/en/list/85/gallery,https://whc.unesco.org/uploads/thumbs/site_0085_0001-1200-630-20151104175849.jpg
"Vézelay, Church and Hill",cultural,https://whc.unesco.org/en/list/84,84,https://whc.unesco.org/en/list/84/gallery,https://whc.unesco.org/uploads/thumbs/site_0084_0064-1200-630-20151104180554.jpg
Amiens Cathedral,cultural,https://whc.unesco.org/en/list/162,162,https://whc.unesco.org/en/list/162/gallery,https://whc.unesco.org/uploads/thumbs/site_0162_0002-1200-630-20251022164455.jpg
"Arles, Roman and Romanesque Monuments",cultural,https://whc.unesco.org/en/list/164,164,https://whc.unesco.org/en/list/164/gallery,https://whc.unesco.org/uploads/thumbs/site_0164_0038-1200-630-20251020175925.jpg
Cistercian Abbey of Fontenay,cultural,https://whc.unesco.org/en/list/165,165,https://whc.unesco.org/en/list/165/gallery,https://whc.unesco.org/uploads/thumbs/site_0165_0001-1200-630-20251022165057.jpg
Palace and Park of Fontainebleau,cultural,https://whc.unesco.org/en/list/160,160,https://whc.unesco.org/en/list/160/gallery,https://whc.unesco.org/uploads/thumbs/site_0160_0001-1200-630-20251022164244.jpg
"Roman Theatre and its Surroundings and the ""Triumphal Arch"" of Orange",cultural,https://whc.unesco.org/en/list/163,163,https://whc.unesco.org/en/list/163/gallery,https://whc.unesco.org/uploads/thumbs/site_0163_0001-1200-630-20251022165424.jpg
"From the Great Saltworks of Salins-les-Bains to the Royal Saltworks of Arc-et-Senans, the Production of Open-pan Salt",cultural,https://whc.unesco.org/en/list/203,203,https://whc.unesco.org/en/list/203/gallery,https://whc.unesco.org/uploads/thumbs/site_0203_0001-1200-630-20251022165513.jpg
Abbey Church of Saint-Savin sur Gartempe,cultural,https://whc.unesco.org/en/list/230,230,https://whc.unesco.org/en/list/230/gallery,https://whc.unesco.org/uploads/thumbs/site_0230_0001-1200-630-20251022165743.jpg
"Gulf of Porto: Calanche of Piana, Gulf of Girolata, Scandola Reserve",natural,https://whc.unesco.org/en/list/258,258,https://whc.unesco.org/en/list/258/gallery,https://whc.unesco.org/uploads/thumbs/site_0258_0002-1200-630-20251022165835.jpg
"Place Stanislas, Place de la Carrière and Place d'Alliance in Nancy",cultural,https://whc.unesco.org/en/list/229,229,https://whc.unesco.org/en/list/229/gallery,https://whc.unesco.org/uploads/thumbs/site_0229_0001-1200-630-20251022165947.jpg
Pont du Gard (Roman Aqueduct),cultural,https://whc.unesco.org/en/list/344,344,https://whc.unesco.org/en/list/344/gallery,https://whc.unesco.org/uploads/thumbs/site_0344_0021-1200-630-20151104175805.jpg
"Strasbourg, Grande-Île andNeustadt",cultural,https://whc.unesco.org/en/list/495,495,https://whc.unesco.org/en/list/495/gallery,https://whc.unesco.org/uploads/thumbs/site_0495_0003-1200-630-20170706170425.jpg
"Cathedral of Notre-Dame, Former Abbey of Saint-Rémi and Palace of Tau, Reims",cultural,https://whc.unesco.org/en/list/601,601,https://whc.unesco.org/en/list/601/gallery,https://whc.unesco.org/uploads/thumbs/site_0601_0001-1200-630-20251022170159.jpg
"Paris, Banks of the Seine",cultural,https://whc.unesco.org/en/list/600,600,https://whc.unesco.org/en/list/600/gallery,https://whc.unesco.org/uploads/thumbs/site_0600_0061-1200-630-20190417100817.jpg
Bourges Cathedral,cultural,https://whc.unesco.org/en/list/635,635,https://whc.unesco.org/en/list/635/gallery,https://whc.unesco.org/uploads/thumbs/site_0635_0012-1200-630-20251022171314.jpg
"Historic Centre of Avignon: Papal Palace, Episcopal Ensemble and Avignon Bridge",cultural,https://whc.unesco.org/en/list/228,228,https://whc.unesco.org/en/list/228/gallery,https://whc.unesco.org/uploads/thumbs/site_0228_0079-1200-630-20250901120317.jpg
Canal du Midi,cultural,https://whc.unesco.org/en/list/770,770,https://whc.unesco.org/en/list/770/gallery,https://whc.unesco.org/uploads/thumbs/site_0770_0001-1200-630-20251022171829.jpg
Historic Fortified City of Carcassonne,cultural,https://whc.unesco.org/en/list/345,345,https://whc.unesco.org/en/list/345/gallery,https://whc.unesco.org/uploads/thumbs/site_0345_0001-1200-630-20251022172126.jpg
Pyrénées - Mont Perdu,mixed,https://whc.unesco.org/en/list/773,773,https://whc.unesco.org/en/list/773/gallery,https://whc.unesco.org/uploads/thumbs/site_0773_0001-1200-630-20151105095457.jpg
Historic Site of Lyon,cultural,https://whc.unesco.org/en/list/872,872,https://whc.unesco.org/en/list/872/gallery,https://whc.unesco.org/uploads/thumbs/site_0872_0001-1200-630-20250108121347.jpg
Routes of Santiago de Compostela in France,cultural,https://whc.unesco.org/en/list/868,868,https://whc.unesco.org/en/list/868/gallery,https://whc.unesco.org/uploads/thumbs/site_0868_0001-1200-630-20151104180136.jpg
Belfries of Belgium and France,cultural,https://whc.unesco.org/en/list/943,943,https://whc.unesco.org/en/list/943/gallery,https://whc.unesco.org/uploads/thumbs/site_0943_0001-1200-630-20251022172600.jpg
Jurisdiction of Saint-Emilion,cultural,https://whc.unesco.org/en/list/932,932,https://whc.unesco.org/en/list/932/gallery,https://whc.unesco.org/uploads/thumbs/site_0932_0040-1200-630-20251006131902.jpg
The Loire Valley between Sully-sur-Loire and Chalonnes,cultural,https://whc.unesco.org/en/list/933,933,https://whc.unesco.org/en/list/933/gallery,https://whc.unesco.org/uploads/thumbs/site_0933_0007-1200-630-20251022172934.jpg
"Provins, Town of Medieval Fairs",cultural,https://whc.unesco.org/en/list/873,873,https://whc.unesco.org/en/list/873/gallery,https://whc.unesco.org/uploads/thumbs/site_0873_0011-1200-630-20251022173027.jpg
"Le Havre, the City Rebuilt by Auguste Perret",cultural,https://whc.unesco.org/en/list/1181,1181,https://whc.unesco.org/en/list/1181/gallery,https://whc.unesco.org/uploads/thumbs/site_1181_0001-1200-630-20151104175507.jpg
Ancient and Primeval Beech Forests of the Carpathians and Other Regions of Europe,natural,https://whc.unesco.org/en/list/1133,1133,https://whc.unesco.org/en/list/1133/gallery,https://whc.unesco.org/uploads/thumbs/site_1133_0076-1200-630-20251103122935.jpg
"Bordeaux, Port of the Moon",cultural,https://whc.unesco.org/en/list/1256,1256,https://whc.unesco.org/en/list/1256/gallery,https://whc.unesco.org/uploads/thumbs/site_1256_0001-1200-630-20151104174854.jpg
Fortifications of Vauban,cultural,https://whc.unesco.org/en/list/1283,1283,https://whc.unesco.org/en/list/1283/gallery,https://whc.unesco.org/uploads/thumbs/site_1283_0019-1200-630-20251022173324.jpg
Lagoons of New Caledonia: Reef Diversity and Associated Ecosystems,natural,https://whc.unesco.org/en/list/1115,1115,https://whc.unesco.org/en/list/1115/gallery,https://whc.unesco.org/uploads/thumbs/site_1115_0018-1200-630-20231020114746.jpg
Episcopal City of Albi,cultural,https://whc.unesco.org/en/list/1337,1337,https://whc.unesco.org/en/list/1337/gallery,https://whc.unesco.org/uploads/thumbs/site_1337_0003-1200-630-20241028123650.jpg
"Pitons, cirques and remparts of Reunion Island",natural,https://whc.unesco.org/en/list/1317,1317,https://whc.unesco.org/en/list/1317/gallery,https://whc.unesco.org/uploads/thumbs/site_1317_0027-1200-630-20231018163420.jpg
Prehistoric Pile Dwellings around the Alps,cultural,https://whc.unesco.org/en/list/1363,1363,https://whc.unesco.org/en/list/1363/gallery,https://whc.unesco.org/uploads/thumbs/site_1363_0001-1200-630-20260121175321.jpg
"The Causses and the Cévennes, Mediterranean agro-pastoral Cultural Landscape",cultural,https://whc.unesco.org/en/list/1153,1153,https://whc.unesco.org/en/list/1153/gallery,https://whc.unesco.org/uploads/thumbs/site_1153_0003-1200-630-20110630162423.jpg
Nord-Pas de Calais Mining Basin,cultural,https://whc.unesco.org/en/list/1360,1360,https://whc.unesco.org/en/list/1360/gallery,https://whc.unesco.org/uploads/thumbs/site_1360_0001-1200-630-20190821122838.jpg
"Decorated Cave of Pont d’Arc, known as Grotte Chauvet-Pont d’Arc, Ardèche",cultural,https://whc.unesco.org/en/list/1426,1426,https://whc.unesco.org/en/list/1426/gallery,https://whc.unesco.org/uploads/thumbs/site_1426_0004-1200-630-20230317123726.jpg
"Champagne Hillsides, Houses and Cellars",cultural,https://whc.unesco.org/en/list/1465,1465,https://whc.unesco.org/en/list/1465/gallery,https://whc.unesco.org/uploads/thumbs/site_1465_0003-1200-630-20150610103953.jpg
"The Climats, terroirs of Burgundy",cultural,https://whc.unesco.org/en/list/1425,1425,https://whc.unesco.org/en/list/1425/gallery,https://whc.unesco.org/uploads/thumbs/site_1425_0046-1200-630-20220303160657.jpg
"The Architectural Work of Le Corbusier, an Outstanding Contribution to the Modern Movement",cultural,https://whc.unesco.org/en/list/1321,1321,https://whc.unesco.org/en/list/1321/gallery,https://whc.unesco.org/uploads/thumbs/site_1321_0036-1200-630-20221003172203.jpg
Taputapuātea,cultural,https://whc.unesco.org/en/list/1529,1529,https://whc.unesco.org/en/list/1529/gallery,https://whc.unesco.org/uploads/thumbs/site_1529_0020-1200-630-20170609175043.jpg
Chaîne des Puys - Limagne fault tectonic arena,natural,https://whc.unesco.org/en/list/1434,1434,https://whc.unesco.org/en/list/1434/gallery,https://whc.unesco.org/uploads/thumbs/site_1434_0004-1200-630-20221003104851.jpg
French Austral Lands and Seas,natural,https://whc.unesco.org/en/list/1603,1603,https://whc.unesco.org/en/list/1603/gallery,https://whc.unesco.org/uploads/thumbs/site_1603_0016-1200-630-20230222175345.jpg
Cordouan Lighthouse,cultural,https://whc.unesco.org/en/list/1625,1625,https://whc.unesco.org/en/list/1625/gallery,https://whc.unesco.org/uploads/thumbs/site_1625_0014-1200-630-20241028151724.jpg
"Nice, Winter Resort Town of the Riviera",cultural,https://whc.unesco.org/en/list/1635,1635,https://whc.unesco.org/en/list/1635/gallery,https://whc.unesco.org/uploads/thumbs/site_1635_0004-1200-630-20220408112252.jpg
The Great Spa Towns of Europe,cultural,https://whc.unesco.org/en/list/1613,1613,https://whc.unesco.org/en/list/1613/gallery,https://whc.unesco.org/uploads/thumbs/site_1613_0001-1200-630-20210401103443.jpg
Funerary and memory sites of the First World War (Western Front),cultural,https://whc.unesco.org/en/list/1567,1567,https://whc.unesco.org/en/list/1567/gallery,https://whc.unesco.org/uploads/thumbs/site_1567_0024-1200-630-20250507165448.jpg
The Maison Carrée of Nîmes,cultural,https://whc.unesco.org/en/list/1569,1569,https://whc.unesco.org/en/list/1569/gallery,https://whc.unesco.org/uploads/thumbs/site_1569_0037-1200-630-20250829133011.jpg
Volcanoes and Forests of Mount Pelée and the Pitons of Northern Martinique,natural,https://whc.unesco.org/en/list/1657,1657,https://whc.unesco.org/en/list/1657/gallery,https://whc.unesco.org/uploads/thumbs/site_1657_0002-1200-630-20240502112024.jpg
Te Henua Enata – The Marquesas Islands,mixed,https://whc.unesco.org/en/list/1707,1707,https://whc.unesco.org/en/list/1707/gallery,https://whc.unesco.org/uploads/thumbs/site_1707_0008-1200-630-20241029093646.jpg
Megaliths of Carnac and of the shores of Morbihan,cultural,https://whc.unesco.org/en/list/1725,1725,https://whc.unesco.org/en/list/1725/gallery,https://whc.unesco.org/uploads/thumbs/site_1725_0012-1200-630-20250626180126.jpg
Ecosystem and Relict Cultural Landscape of Lopé-Okanda,mixed,https://whc.unesco.org/en/list/1147,1147,https://whc.unesco.org/en/list/1147/gallery,https://whc.unesco.org/uploads/thumbs/site_1147_0001-1200-630-20151105095628.jpg
Ivindo National Park,natural,https://whc.unesco.org/en/list/1653,1653,https://whc.unesco.org/en/list/1653/gallery,https://whc.unesco.org/uploads/thumbs/site_1653_0011-1200-630-20231107171518.jpg
Kunta Kinteh Island and Related Sites,cultural,https://whc.unesco.org/en/list/761,761,https://whc.unesco.org/en/list/761/gallery,https://whc.unesco.org/uploads/thumbs/site_0761_0001-1200-630-20090911155903.jpg
Stone Circles of Senegambia,cultural,https://whc.unesco.org/en/list/1226,1226,https://whc.unesco.org/en/list/1226/gallery,https://whc.unesco.org/uploads/thumbs/site_1226_0001-1200-630-20090923154919.jpg
Gelati Monastery,cultural,https://whc.unesco.org/en/list/710,710,https://whc.unesco.org/en/list/710/gallery,https://whc.unesco.org/uploads/thumbs/site_0710_0007-1200-630-20150630134857.jpg
Historical Monuments of Mtskheta,cultural,https://whc.unesco.org/en/list/708,708,https://whc.unesco.org/en/list/708/gallery,https://whc.unesco.org/uploads/thumbs/site_0708_0006-1200-630-20250903122747.jpg
Upper Svaneti,cultural,https://whc.unesco.org/en/list/709,709,https://whc.unesco.org/en/list/709/gallery,https://whc.unesco.org/uploads/thumbs/site_0709_0001-1200-630-20070814153826.jpg
Colchic Rainforests and Wetlands,natural,https://whc.unesco.org/en/list/1616,1616,https://whc.unesco.org/en/list/1616/gallery,https://whc.unesco.org/uploads/thumbs/site_1616_0011-1200-630-20211126120348.jpg
Aachen Cathedral,cultural,https://whc.unesco.org/en/list/3,3,https://whc.unesco.org/en/list/3/gallery,https://whc.unesco.org/uploads/thumbs/site_0003_0001-1200-630-20250108174510.jpg
Speyer Cathedral,cultural,https://whc.unesco.org/en/list/168,168,https://whc.unesco.org/en/list/168/gallery,https://whc.unesco.org/uploads/thumbs/site_0168_0001-1200-630-20251217163410.jpg
Würzburg Residence with the Court Gardens and Residence Square,cultural,https://whc.unesco.org/en/list/169,169,https://whc.unesco.org/en/list/169/gallery,https://whc.unesco.org/uploads/thumbs/site_0169_0001-1200-630-20151105101959.jpg
Pilgrimage Church of Wies,cultural,https://whc.unesco.org/en/list/271,271,https://whc.unesco.org/en/list/271/gallery,https://whc.unesco.org/uploads/thumbs/site_0271_0001-1200-630-20131014172231.jpg
Castles of Augustusburg and Falkenlust at Brühl,cultural,https://whc.unesco.org/en/list/288,288,https://whc.unesco.org/en/list/288/gallery,https://whc.unesco.org/uploads/thumbs/site_0288_0010-1200-630-20140708150345.jpg
St Mary's Cathedral and St Michael's Church at Hildesheim,cultural,https://whc.unesco.org/en/list/187,187,https://whc.unesco.org/en/list/187/gallery,https://whc.unesco.org/uploads/thumbs/site_0187_0001-1200-630-20090924143057.jpg
"Roman Monuments, Cathedral of St Peter and Church of Our Lady in Trier",cultural,https://whc.unesco.org/en/list/367,367,https://whc.unesco.org/en/list/367/gallery,https://whc.unesco.org/uploads/thumbs/site_0367_0008-1200-630-20260114151747.jpg
Frontiers of the Roman Empire,cultural,https://whc.unesco.org/en/list/430,430,https://whc.unesco.org/en/list/430/gallery,
Hanseatic City of Lübeck,cultural,https://whc.unesco.org/en/list/272,272,https://whc.unesco.org/en/list/272/gallery,https://whc.unesco.org/uploads/thumbs/site_0272_0005-1200-630-20251217174651.jpg
Palaces and Parks of Potsdam and Berlin,cultural,https://whc.unesco.org/en/list/532,532,https://whc.unesco.org/en/list/532/gallery,https://whc.unesco.org/uploads/thumbs/site_0532_0015-1200-630-20260112175751.jpg
Abbey and Altenmünster of Lorsch,cultural,https://whc.unesco.org/en/list/515,515,https://whc.unesco.org/en/list/515/gallery,https://whc.unesco.org/uploads/thumbs/site_0515_0004-1200-630-20260114153231.jpg
"Mines of Rammelsberg, Historic Town of Goslar and Upper Harz Water Management System",cultural,https://whc.unesco.org/en/list/623,623,https://whc.unesco.org/en/list/623/gallery,https://whc.unesco.org/uploads/thumbs/site_0623_0003-1200-630-20100730122926.jpg
Maulbronn Monastery Complex,cultural,https://whc.unesco.org/en/list/546,546,https://whc.unesco.org/en/list/546/gallery,https://whc.unesco.org/uploads/thumbs/site_0546_0014-1200-630-20260120152612.jpg
Town of Bamberg,cultural,https://whc.unesco.org/en/list/624,624,https://whc.unesco.org/en/list/624/gallery,https://whc.unesco.org/uploads/thumbs/site_0624_0002-1200-630-20260120154929.jpg
"Collegiate Church, Castle and Old Town of Quedlinburg",cultural,https://whc.unesco.org/en/list/535,535,https://whc.unesco.org/en/list/535/gallery,https://whc.unesco.org/uploads/thumbs/site_0535_0017-1200-630-20260120155131.jpg
Völklingen Ironworks,cultural,https://whc.unesco.org/en/list/687,687,https://whc.unesco.org/en/list/687/gallery,https://whc.unesco.org/uploads/thumbs/site_0687_0001-1200-630-20260121094349.jpg
Messel Pit Fossil Site,natural,https://whc.unesco.org/en/list/720,720,https://whc.unesco.org/en/list/720/gallery,https://whc.unesco.org/uploads/thumbs/site_0720_0006-1200-630-20260121094615.jpg
"Bauhaus and its Sites in Weimar, Dessau and Bernau",cultural,https://whc.unesco.org/en/list/729,729,https://whc.unesco.org/en/list/729/gallery,https://whc.unesco.org/uploads/thumbs/site_0729_0001-1200-630-20170711150900.jpg
Cologne Cathedral,cultural,https://whc.unesco.org/en/list/292,292,https://whc.unesco.org/en/list/292/gallery,https://whc.unesco.org/uploads/thumbs/site_0292_0013-1200-630-20151105100652.jpg
Luther Memorials in Eisleben and Wittenberg,cultural,https://whc.unesco.org/en/list/783,783,https://whc.unesco.org/en/list/783/gallery,https://whc.unesco.org/uploads/thumbs/site_0783_0001-1200-630-20090918100643.jpg
Classical Weimar,cultural,https://whc.unesco.org/en/list/846,846,https://whc.unesco.org/en/list/846/gallery,https://whc.unesco.org/uploads/thumbs/site_0846_0030-1200-630-20200303175232.jpg
"Museumsinsel (Museum Island), Berlin",cultural,https://whc.unesco.org/en/list/896,896,https://whc.unesco.org/en/list/896/gallery,https://whc.unesco.org/uploads/thumbs/site_0896_0030-1200-630-20140708152542.jpg
Wartburg Castle,cultural,https://whc.unesco.org/en/list/897,897,https://whc.unesco.org/en/list/897/gallery,https://whc.unesco.org/uploads/thumbs/site_0897_0013-1200-630-20140708154053.jpg
Garden Kingdom of Dessau-Wörlitz,cultural,https://whc.unesco.org/en/list/534,534,https://whc.unesco.org/en/list/534/gallery,https://whc.unesco.org/uploads/thumbs/site_0534_0006-1200-630-20151105100744.jpg
Monastic Island of Reichenau,cultural,https://whc.unesco.org/en/list/974,974,https://whc.unesco.org/en/list/974/gallery,https://whc.unesco.org/uploads/thumbs/site_0974_0001-1200-630-20090918102325.jpg
Zollverein Coal Mine Industrial Complex in Essen,cultural,https://whc.unesco.org/en/list/975,975,https://whc.unesco.org/en/list/975/gallery,https://whc.unesco.org/uploads/thumbs/site_0975_0024-1200-630-20180808113358.jpg
Historic Centres of Stralsund and Wismar,cultural,https://whc.unesco.org/en/list/1067,1067,https://whc.unesco.org/en/list/1067/gallery,https://whc.unesco.org/uploads/thumbs/site_1067_0001-1200-630-20260121115941.jpg
Upper Middle Rhine Valley,cultural,https://whc.unesco.org/en/list/1066,1066,https://whc.unesco.org/en/list/1066/gallery,https://whc.unesco.org/uploads/thumbs/site_1066_0012-1200-630-20151105101739.jpg
Dresden Elbe Valley,cultural,https://whc.unesco.org/en/list/1156,1156,https://whc.unesco.org/en/list/1156/gallery,https://whc.unesco.org/uploads/thumbs/site_1156_0013-1200-630-20260121121925.jpg
Muskauer Park / Park Mużakowski,cultural,https://whc.unesco.org/en/list/1127,1127,https://whc.unesco.org/en/list/1127/gallery,https://whc.unesco.org/uploads/thumbs/site_1127_0017-1200-630-20260121121819.jpg
Town Hall and Roland on the Marketplace of Bremen,cultural,https://whc.unesco.org/en/list/1087,1087,https://whc.unesco.org/en/list/1087/gallery,https://whc.unesco.org/uploads/thumbs/site_1087_0008-1200-630-20260121121258.jpg
Old town of Regensburg with Stadtamhof,cultural,https://whc.unesco.org/en/list/1155,1155,https://whc.unesco.org/en/list/1155/gallery,https://whc.unesco.org/uploads/thumbs/site_1155_0016-1200-630-20251113092940.jpg
Ancient and Primeval Beech Forests of the Carpathians and Other Regions of Europe,natural,https://whc.unesco.org/en/list/1133,1133,https://whc.unesco.org/en/list/1133/gallery,https://whc.unesco.org/uploads/thumbs/site_1133_0076-1200-630-20251103122935.jpg
Berlin Modernism Housing Estates,cultural,https://whc.unesco.org/en/list/1239,1239,https://whc.unesco.org/en/list/1239/gallery,https://whc.unesco.org/uploads/thumbs/site_1239_0008-1200-630-20250416093612.jpg
Wadden Sea,natural,https://whc.unesco.org/en/list/1314,1314,https://whc.unesco.org/en/list/1314/gallery,https://whc.unesco.org/uploads/thumbs/site_1314_0002-1200-630-20260121174935.jpg
Fagus Factory in Alfeld,cultural,https://whc.unesco.org/en/list/1368,1368,https://whc.unesco.org/en/list/1368/gallery,https://whc.unesco.org/uploads/thumbs/site_1368_0003-1200-630-20221003104320.jpg
Prehistoric Pile Dwellings around the Alps,cultural,https://whc.unesco.org/en/list/1363,1363,https://whc.unesco.org/en/list/1363/gallery,https://whc.unesco.org/uploads/thumbs/site_1363_0001-1200-630-20260121175321.jpg
Margravial Opera House Bayreuth,cultural,https://whc.unesco.org/en/list/1379,1379,https://whc.unesco.org/en/list/1379/gallery,https://whc.unesco.org/uploads/thumbs/site_1379_0012-1200-630-20151111154438.jpg
Bergpark Wilhelmshöhe,cultural,https://whc.unesco.org/en/list/1413,1413,https://whc.unesco.org/en/list/1413/gallery,https://whc.unesco.org/uploads/thumbs/site_1413_0006-1200-630-20260123144514.jpg
Carolingian Westwork and Civitas Corvey,cultural,https://whc.unesco.org/en/list/1447,1447,https://whc.unesco.org/en/list/1447/gallery,https://whc.unesco.org/uploads/thumbs/site_1447_0006-1200-630-20260126095523.jpg
Moravian Church Settlements,cultural,https://whc.unesco.org/en/list/1468,1468,https://whc.unesco.org/en/list/1468/gallery,https://whc.unesco.org/uploads/thumbs/site_1468_0030-1200-630-20260126095630.jpg
Speicherstadt and Kontorhaus District with Chilehaus,cultural,https://whc.unesco.org/en/list/1467,1467,https://whc.unesco.org/en/list/1467/gallery,https://whc.unesco.org/uploads/thumbs/site_1467_0001-1200-630-20150610110605.jpg
"The Architectural Work of Le Corbusier, an Outstanding Contribution to the Modern Movement",cultural,https://whc.unesco.org/en/list/1321,1321,https://whc.unesco.org/en/list/1321/gallery,https://whc.unesco.org/uploads/thumbs/site_1321_0036-1200-630-20221003172203.jpg
Caves and Ice Age Art in the Swabian Jura,cultural,https://whc.unesco.org/en/list/1527,1527,https://whc.unesco.org/en/list/1527/gallery,https://whc.unesco.org/uploads/thumbs/site_1527_0002-1200-630-20221004095704.jpg
Archaeological Border complex of Hedeby and the Danevirke,cultural,https://whc.unesco.org/en/list/1553,1553,https://whc.unesco.org/en/list/1553/gallery,https://whc.unesco.org/uploads/thumbs/site_1553_0004-1200-630-20180122173132.jpg
Naumburg Cathedral,cultural,https://whc.unesco.org/en/list/1470,1470,https://whc.unesco.org/en/list/1470/gallery,https://whc.unesco.org/uploads/thumbs/site_1470_0008-1200-630-20180221180445.jpg
Erzgebirge/Krušnohoří Mining Region,cultural,https://whc.unesco.org/en/list/1478,1478,https://whc.unesco.org/en/list/1478/gallery,https://whc.unesco.org/uploads/thumbs/site_1478_0014-1200-630-20260206163729.jpg
Water Management System of Augsburg,cultural,https://whc.unesco.org/en/list/1580,1580,https://whc.unesco.org/en/list/1580/gallery,https://whc.unesco.org/uploads/thumbs/site_1580_0009-1200-630-20221125113459.jpg
Frontiers of the Roman Empire – The Danube Limes (Western Segment),cultural,https://whc.unesco.org/en/list/1608,1608,https://whc.unesco.org/en/list/1608/gallery,https://whc.unesco.org/uploads/thumbs/site_1608_0041-1200-630-20251127121059.jpg
Frontiers of the Roman Empire – The Lower German Limes,cultural,https://whc.unesco.org/en/list/1631,1631,https://whc.unesco.org/en/list/1631/gallery,https://whc.unesco.org/uploads/thumbs/site_1631_0013-1200-630-20241104123549.jpg
Mathildenhöhe Darmstadt,cultural,https://whc.unesco.org/en/list/1614,1614,https://whc.unesco.org/en/list/1614/gallery,https://whc.unesco.org/uploads/thumbs/site_1614_0012-1200-630-20260218150015.jpg
"ShUM Sites of Speyer, Worms and Mainz",cultural,https://whc.unesco.org/en/list/1636,1636,https://whc.unesco.org/en/list/1636/gallery,https://whc.unesco.org/uploads/thumbs/site_1636_0003-1200-630-20210604115457.jpg
The Great Spa Towns of Europe,cultural,https://whc.unesco.org/en/list/1613,1613,https://whc.unesco.org/en/list/1613/gallery,https://whc.unesco.org/uploads/thumbs/site_1613_0001-1200-630-20210401103443.jpg
Jewish-Medieval Heritage of Erfurt,cultural,https://whc.unesco.org/en/list/1656,1656,https://whc.unesco.org/en/list/1656/gallery,https://whc.unesco.org/uploads/thumbs/site_1656_0002-1200-630-20231020132959.jpg
Schwerin Residence Ensemble,cultural,https://whc.unesco.org/en/list/1705,1705,https://whc.unesco.org/en/list/1705/gallery,https://whc.unesco.org/uploads/thumbs/site_1705_0012-1200-630-20240605111802.jpg
"The Palaces of King Ludwig II of Bavaria: Neuschwanstein, Linderhof, Schachen and Herrenchiemsee",cultural,https://whc.unesco.org/en/list/1726,1726,https://whc.unesco.org/en/list/1726/gallery,https://whc.unesco.org/uploads/thumbs/site_1726_0004-1200-630-20250616151202.jpg
"Forts and Castles, Volta, Greater Accra, Central and Western Regions",cultural,https://whc.unesco.org/en/list/34,34,https://whc.unesco.org/en/list/34/gallery,https://whc.unesco.org/uploads/thumbs/site_0034_0001-1200-630-20151105102226.jpg
Asante Traditional Buildings,cultural,https://whc.unesco.org/en/list/35,35,https://whc.unesco.org/en/list/35/gallery,https://whc.unesco.org/uploads/thumbs/site_0035_0001-1200-630-20091006123446.jpg
Temple of Apollo Epicurius at Bassae,cultural,https://whc.unesco.org/en/list/392,392,https://whc.unesco.org/en/list/392/gallery,https://whc.unesco.org/uploads/thumbs/site_0392_0001-1200-630-20090924102441.jpg
"Acropolis, Athens",cultural,https://whc.unesco.org/en/list/404,404,https://whc.unesco.org/en/list/404/gallery,https://whc.unesco.org/uploads/thumbs/site_0404_0001-1200-630-20151105102353.jpg
Archaeological Site of Delphi,cultural,https://whc.unesco.org/en/list/393,393,https://whc.unesco.org/en/list/393/gallery,https://whc.unesco.org/uploads/thumbs/site_0393_0001-1200-630-20140612150806.jpg
Medieval City of Rhodes,cultural,https://whc.unesco.org/en/list/493,493,https://whc.unesco.org/en/list/493/gallery,https://whc.unesco.org/uploads/thumbs/site_0493_0003-1200-630-20131014172801.jpg
Meteora,mixed,https://whc.unesco.org/en/list/455,455,https://whc.unesco.org/en/list/455/gallery,https://whc.unesco.org/uploads/thumbs/site_0455_0001-1200-630-20180219160332.jpg
Mount Athos,mixed,https://whc.unesco.org/en/list/454,454,https://whc.unesco.org/en/list/454/gallery,https://whc.unesco.org/uploads/thumbs/site_0454_0001-1200-630-20151105102945.jpg
Paleochristian and Byzantine Monuments of Thessalonika,cultural,https://whc.unesco.org/en/list/456,456,https://whc.unesco.org/en/list/456/gallery,https://whc.unesco.org/uploads/thumbs/site_0456_0001-1200-630-20090924102844.jpg
Sanctuary of Asklepios at Epidaurus,cultural,https://whc.unesco.org/en/list/491,491,https://whc.unesco.org/en/list/491/gallery,https://whc.unesco.org/uploads/thumbs/site_0491_0011-1200-630-20151105103027.jpg
Archaeological Site of Mystras,cultural,https://whc.unesco.org/en/list/511,511,https://whc.unesco.org/en/list/511/gallery,https://whc.unesco.org/uploads/thumbs/site_0511_0001-1200-630-20151105102454.jpg
Archaeological Site of Olympia,cultural,https://whc.unesco.org/en/list/517,517,https://whc.unesco.org/en/list/517/gallery,https://whc.unesco.org/uploads/thumbs/site_0517_0001-1200-630-20151105102717.jpg
Delos,cultural,https://whc.unesco.org/en/list/530,530,https://whc.unesco.org/en/list/530/gallery,https://whc.unesco.org/uploads/thumbs/site_0530_0001-1200-630-20090923171834.jpg
"Monasteries of Daphni, Hosios Loukas and Nea Moni of Chios",cultural,https://whc.unesco.org/en/list/537,537,https://whc.unesco.org/en/list/537/gallery,https://whc.unesco.org/uploads/thumbs/site_0537_0001-1200-630-20151105102905.jpg
Pythagoreion and Heraion of Samos,cultural,https://whc.unesco.org/en/list/595,595,https://whc.unesco.org/en/list/595/gallery,https://whc.unesco.org/uploads/thumbs/site_0595_0001-1200-630-20090918155534.jpg
Archaeological Site of Aigai (modern name Vergina),cultural,https://whc.unesco.org/en/list/780,780,https://whc.unesco.org/en/list/780/gallery,https://whc.unesco.org/uploads/thumbs/site_0780_0001-1200-630-20090918170212.jpg
Archaeological Sites of Mycenae and Tiryns,cultural,https://whc.unesco.org/en/list/941,941,https://whc.unesco.org/en/list/941/gallery,https://whc.unesco.org/uploads/thumbs/site_0941_0001-1200-630-20151105102520.jpg
The Historic Centre (Chorá) with the Monastery of Saint-John the Theologian and the Cave of the Apocalypse on the Island of Pátmos,cultural,https://whc.unesco.org/en/list/942,942,https://whc.unesco.org/en/list/942/gallery,https://whc.unesco.org/uploads/thumbs/site_0942_0001-1200-630-20090923171713.jpg
Old Town of Corfu,cultural,https://whc.unesco.org/en/list/978,978,https://whc.unesco.org/en/list/978/gallery,https://whc.unesco.org/uploads/thumbs/site_0978_0001-1200-630-20110920203443.jpg
Archaeological Site of Philippi,cultural,https://whc.unesco.org/en/list/1517,1517,https://whc.unesco.org/en/list/1517/gallery,https://whc.unesco.org/uploads/thumbs/site_1517_0001-1200-630-20160616154022.jpg
Zagori Cultural Landscape,cultural,https://whc.unesco.org/en/list/1695,1695,https://whc.unesco.org/en/list/1695/gallery,https://whc.unesco.org/uploads/thumbs/site_1695_0003-1200-630-20230712140602.jpg
Minoan Palatial Centres,cultural,https://whc.unesco.org/en/list/1733,1733,https://whc.unesco.org/en/list/1733/gallery,https://whc.unesco.org/uploads/thumbs/site_1733_0001-1200-630-20250617145254.jpg
Antigua Guatemala,cultural,https://whc.unesco.org/en/list/65,65,https://whc.unesco.org/en/list/65/gallery,https://whc.unesco.org/uploads/thumbs/site_0065_0020-1200-630-20151105103304.jpg
Tikal National Park,mixed,https://whc.unesco.org/en/list/64,64,https://whc.unesco.org/en/list/64/gallery,https://whc.unesco.org/uploads/thumbs/site_0064_0008-1200-630-20160216170534.jpg
Archaeological Park and Ruins of Quirigua,cultural,https://whc.unesco.org/en/list/149,149,https://whc.unesco.org/en/list/149/gallery,https://whc.unesco.org/uploads/thumbs/site_0149_0007-1200-630-20140710155034.jpg
National Archaeological Park Tak’alik Ab’aj,cultural,https://whc.unesco.org/en/list/1663,1663,https://whc.unesco.org/en/list/1663/gallery,https://whc.unesco.org/uploads/thumbs/site_1663_0019-1200-630-20220502120628.jpg
Mount Nimba Strict Nature Reserve,natural_danger,https://whc.unesco.org/en/list/155,155,https://whc.unesco.org/en/list/155/gallery,https://whc.unesco.org/uploads/thumbs/site_0155_0008-1200-630-20200908110250.jpg
Coastal and Marine Ecosystems of the Bijagós Archipelago – Omatí Minhô,natural,https://whc.unesco.org/en/list/1431,1431,https://whc.unesco.org/en/list/1431/gallery,https://whc.unesco.org/uploads/thumbs/site_1431_0009-1200-630-20250616152429.jpg
"National History Park – Citadel, Sans Souci, Ramiers",cultural,https://whc.unesco.org/en/list/180,180,https://whc.unesco.org/en/list/180/gallery,https://whc.unesco.org/uploads/thumbs/site_0180_0001-1200-630-20090918161840.jpg
"Historic Centre of Rome, the Properties of the Holy See in that City Enjoying Extraterritorial Rights and San Paolo Fuori le Mura",cultural,https://whc.unesco.org/en/list/91,91,https://whc.unesco.org/en/list/91/gallery,https://whc.unesco.org/uploads/thumbs/site_0091_0061-1200-630-20140709164150.jpg
Vatican City,cultural,https://whc.unesco.org/en/list/286,286,https://whc.unesco.org/en/list/286/gallery,https://whc.unesco.org/uploads/thumbs/site_0286_0004-1200-630-20151105103507.jpg
Maya Site of Copan,cultural,https://whc.unesco.org/en/list/129,129,https://whc.unesco.org/en/list/129/gallery,https://whc.unesco.org/uploads/thumbs/site_0129_0001-1200-630-20090918162409.jpg
Río Plátano Biosphere Reserve,natural_danger,https://whc.unesco.org/en/list/196,196,https://whc.unesco.org/en/list/196/gallery,https://whc.unesco.org/uploads/thumbs/site_0196_0001-1200-630-20151105103349.jpg
"Budapest, including the Banks of the Danube, the Buda Castle Quarter and Andrássy Avenue",cultural,https://whc.unesco.org/en/list/400,400,https://whc.unesco.org/en/list/400/gallery,https://whc.unesco.org/uploads/thumbs/site_0400_0080-1200-630-20251006101106.jpg
Old Village of Hollókő and its Surroundings,cultural,https://whc.unesco.org/en/list/401,401,https://whc.unesco.org/en/list/401/gallery,https://whc.unesco.org/uploads/thumbs/site_0401_0003-1200-630-20140623150554.jpg
Caves of Aggtelek Karst and Slovak Karst,natural,https://whc.unesco.org/en/list/725,725,https://whc.unesco.org/en/list/725/gallery,https://whc.unesco.org/uploads/thumbs/site_0725_0046-1200-630-20241028164428.jpg
Millenary Benedictine Abbey of Pannonhalma and its Natural Environment,cultural,https://whc.unesco.org/en/list/758,758,https://whc.unesco.org/en/list/758/gallery,https://whc.unesco.org/uploads/thumbs/site_0758_0012-1200-630-20241029114334.jpg
Hortobágy National Park - thePuszta,cultural,https://whc.unesco.org/en/list/474,474,https://whc.unesco.org/en/list/474/gallery,https://whc.unesco.org/uploads/thumbs/site_0474_0019-1200-630-20241029104646.jpg
Early Christian Necropolis of Pécs (Sopianae),cultural,https://whc.unesco.org/en/list/853,853,https://whc.unesco.org/en/list/853/gallery,https://whc.unesco.org/uploads/thumbs/site_0853_0004-1200-630-20241029110605.jpg
Fertö / Neusiedlersee Cultural Landscape,cultural,https://whc.unesco.org/en/list/772,772,https://whc.unesco.org/en/list/772/gallery,https://whc.unesco.org/uploads/thumbs/site_0772_0016-1200-630-20241028180336.jpg
Tokaj Wine Region Historic Cultural Landscape,cultural,https://whc.unesco.org/en/list/1063,1063,https://whc.unesco.org/en/list/1063/gallery,https://whc.unesco.org/uploads/thumbs/site_1063_0018-1200-630-20251104175307.jpg
Þingvellir National Park,cultural,https://whc.unesco.org/en/list/1152,1152,https://whc.unesco.org/en/list/1152/gallery,https://whc.unesco.org/uploads/thumbs/site_1152_0001-1200-630-20151105103412.jpg
Surtsey,natural,https://whc.unesco.org/en/list/1267,1267,https://whc.unesco.org/en/list/1267/gallery,https://whc.unesco.org/uploads/thumbs/site_1267_0003-1200-630-20231020113951.jpg
Vatnajökull National Park - Dynamic Nature of Fire and Ice,natural,https://whc.unesco.org/en/list/1604,1604,https://whc.unesco.org/en/list/1604/gallery,https://whc.unesco.org/uploads/thumbs/site_1604_0007-1200-630-20230222172834.jpg
Agra Fort,cultural,https://whc.unesco.org/en/list/251,251,https://whc.unesco.org/en/list/251/gallery,https://whc.unesco.org/uploads/thumbs/site_0251_0010-1200-630-20240807180746.jpg
Ajanta Caves,cultural,https://whc.unesco.org/en/list/242,242,https://whc.unesco.org/en/list/242/gallery,https://whc.unesco.org/uploads/thumbs/site_0242_0001-1200-630-20151105103730.jpg
Ellora Caves,cultural,https://whc.unesco.org/en/list/243,243,https://whc.unesco.org/en/list/243/gallery,https://whc.unesco.org/uploads/thumbs/site_0243_0001-1200-630-20151104152442.jpg
Taj Mahal,cultural,https://whc.unesco.org/en/list/252,252,https://whc.unesco.org/en/list/252/gallery,https://whc.unesco.org/uploads/thumbs/site_0252_0008-1200-630-20250108121530.jpg
Group of Monuments at Mahabalipuram,cultural,https://whc.unesco.org/en/list/249,249,https://whc.unesco.org/en/list/249/gallery,https://whc.unesco.org/uploads/thumbs/site_0249_0001-1200-630-20090918173439.jpg
"Sun Temple, Konârak",cultural,https://whc.unesco.org/en/list/246,246,https://whc.unesco.org/en/list/246/gallery,https://whc.unesco.org/uploads/thumbs/site_0246_0003-1200-630-20140224103928.jpg
Kaziranga National Park,natural,https://whc.unesco.org/en/list/337,337,https://whc.unesco.org/en/list/337/gallery,https://whc.unesco.org/uploads/thumbs/site_0337_0001-1200-630-20110920201258.jpg
Keoladeo National Park,natural,https://whc.unesco.org/en/list/340,340,https://whc.unesco.org/en/list/340/gallery,https://whc.unesco.org/uploads/thumbs/site_0340_0001-1200-630-20110923001811.jpg
Manas Wildlife Sanctuary,natural,https://whc.unesco.org/en/list/338,338,https://whc.unesco.org/en/list/338/gallery,https://whc.unesco.org/uploads/thumbs/site_0338_0001-1200-630-20151104152958.jpg
Churches and Convents of Goa,cultural,https://whc.unesco.org/en/list/234,234,https://whc.unesco.org/en/list/234/gallery,https://whc.unesco.org/uploads/thumbs/site_0234_0001-1200-630-20151104152411.jpg
Fatehpur Sikri,cultural,https://whc.unesco.org/en/list/255,255,https://whc.unesco.org/en/list/255/gallery,https://whc.unesco.org/uploads/thumbs/site_0255_0001-1200-630-20110920200713.jpg
Group of Monuments at Hampi,cultural,https://whc.unesco.org/en/list/241,241,https://whc.unesco.org/en/list/241/gallery,https://whc.unesco.org/uploads/thumbs/site_0241_0001-1200-630-20151104152714.jpg
Khajuraho Group of Monuments,cultural,https://whc.unesco.org/en/list/240,240,https://whc.unesco.org/en/list/240/gallery,https://whc.unesco.org/uploads/thumbs/site_0240_0001-1200-630-20130801164256.jpg
Elephanta Caves,cultural,https://whc.unesco.org/en/list/244,244,https://whc.unesco.org/en/list/244/gallery,https://whc.unesco.org/uploads/thumbs/site_0244_0004-1200-630-20100705114254.jpg
Great Living Chola Temples,cultural,https://whc.unesco.org/en/list/250,250,https://whc.unesco.org/en/list/250/gallery,https://whc.unesco.org/uploads/thumbs/site_0250_0001-1200-630-20151104152623.jpg
Group of Monuments at Pattadakal,cultural,https://whc.unesco.org/en/list/239,239,https://whc.unesco.org/en/list/239/gallery,https://whc.unesco.org/uploads/thumbs/site_0239_0001-1200-630-20090918174041.jpg
Sundarbans National Park,natural,https://whc.unesco.org/en/list/452,452,https://whc.unesco.org/en/list/452/gallery,
Nanda Devi and Valley of Flowers National Parks,natural,https://whc.unesco.org/en/list/335,335,https://whc.unesco.org/en/list/335/gallery,
Buddhist Monuments at Sanchi,cultural,https://whc.unesco.org/en/list/524,524,https://whc.unesco.org/en/list/524/gallery,https://whc.unesco.org/uploads/thumbs/site_0524_0001-1200-630-20090918192408.jpg
"Humayun's Tomb, Delhi",cultural,https://whc.unesco.org/en/list/232,232,https://whc.unesco.org/en/list/232/gallery,https://whc.unesco.org/uploads/thumbs/site_0232_0005-1200-630-20210425155601.jpg
"Qutb Minar and its Monuments, Delhi",cultural,https://whc.unesco.org/en/list/233,233,https://whc.unesco.org/en/list/233/gallery,https://whc.unesco.org/uploads/thumbs/site_0233_0001-1200-630-20151104153142.jpg
Mountain Railways of India,cultural,https://whc.unesco.org/en/list/944,944,https://whc.unesco.org/en/list/944/gallery,https://whc.unesco.org/uploads/thumbs/site_0944_0014-1200-630-20151104153059.jpg
Mahabodhi Temple Complex at Bodh Gaya,cultural,https://whc.unesco.org/en/list/1056,1056,https://whc.unesco.org/en/list/1056/gallery,https://whc.unesco.org/uploads/thumbs/site_1056_0001-1200-630-20120601152647.jpg
Rock Shelters of Bhimbetka,cultural,https://whc.unesco.org/en/list/925,925,https://whc.unesco.org/en/list/925/gallery,https://whc.unesco.org/uploads/thumbs/site_0925_0001-1200-630-20090918194407.jpg
Champaner-Pavagadh Archaeological Park,cultural,https://whc.unesco.org/en/list/1101,1101,https://whc.unesco.org/en/list/1101/gallery,https://whc.unesco.org/uploads/thumbs/site_1101_0001-1200-630-20151105103807.jpg
Chhatrapati Shivaji Terminus (formerly Victoria Terminus),cultural,https://whc.unesco.org/en/list/945,945,https://whc.unesco.org/en/list/945/gallery,https://whc.unesco.org/uploads/thumbs/site_0945_0001-1200-630-20080618172113.jpg
Red Fort Complex,cultural,https://whc.unesco.org/en/list/231,231,https://whc.unesco.org/en/list/231/gallery,https://whc.unesco.org/uploads/thumbs/site_0231_0001-1200-630-20110920200330.jpg
"The Jantar Mantar, Jaipur",cultural,https://whc.unesco.org/en/list/1338,1338,https://whc.unesco.org/en/list/1338/gallery,https://whc.unesco.org/uploads/thumbs/site_1338_0001-1200-630-20100729154745.jpg
Western Ghats,natural,https://whc.unesco.org/en/list/1342,1342,https://whc.unesco.org/en/list/1342/gallery,https://whc.unesco.org/uploads/thumbs/site_1342_0005-1200-630-20131017190939.jpg
Hill Forts of Rajasthan,cultural,https://whc.unesco.org/en/list/247,247,https://whc.unesco.org/en/list/247/gallery,https://whc.unesco.org/uploads/thumbs/site_0247_0007-1200-630-20221003103314.jpg
Great Himalayan National Park Conservation Area,natural,https://whc.unesco.org/en/list/1406,1406,https://whc.unesco.org/en/list/1406/gallery,https://whc.unesco.org/uploads/thumbs/site_1406_0008-1200-630-20231018172652.jpg
"Rani-ki-Vav (the Queen’s Stepwell) at Patan, Gujarat",cultural,https://whc.unesco.org/en/list/922,922,https://whc.unesco.org/en/list/922/gallery,https://whc.unesco.org/uploads/thumbs/site_0922_0004-1200-630-20230214171746.jpg
"Archaeological Site of Nalanda Mahavihara at Nalanda, Bihar",cultural,https://whc.unesco.org/en/list/1502,1502,https://whc.unesco.org/en/list/1502/gallery,https://whc.unesco.org/uploads/thumbs/site_1502_0010-1200-630-20160616154106.jpg
Khangchendzonga National Park,mixed,https://whc.unesco.org/en/list/1513,1513,https://whc.unesco.org/en/list/1513/gallery,https://whc.unesco.org/uploads/thumbs/site_1513_0001-1200-630-20160616155229.jpg
"The Architectural Work of Le Corbusier, an Outstanding Contribution to the Modern Movement",cultural,https://whc.unesco.org/en/list/1321,1321,https://whc.unesco.org/en/list/1321/gallery,https://whc.unesco.org/uploads/thumbs/site_1321_0036-1200-630-20221003172203.jpg
Historic City of Ahmadabad,cultural,https://whc.unesco.org/en/list/1551,1551,https://whc.unesco.org/en/list/1551/gallery,https://whc.unesco.org/uploads/thumbs/site_1551_0004-1200-630-20230214172300.jpg
Victorian Gothic and Art Deco Ensembles of Mumbai,cultural,https://whc.unesco.org/en/list/1480,1480,https://whc.unesco.org/en/list/1480/gallery,https://whc.unesco.org/uploads/thumbs/site_1480_0015-1200-630-20231018162844.jpg
"Jaipur City, Rajasthan",cultural,https://whc.unesco.org/en/list/1605,1605,https://whc.unesco.org/en/list/1605/gallery,https://whc.unesco.org/uploads/thumbs/site_1605_0013-1200-630-20221005171943.jpg
Dholavira: a Harappan City,cultural,https://whc.unesco.org/en/list/1645,1645,https://whc.unesco.org/en/list/1645/gallery,https://whc.unesco.org/uploads/thumbs/site_1645_0008-1200-630-20230214173649.jpg
"Kakatiya Rudreshwara (Ramappa) Temple, Telangana",cultural,https://whc.unesco.org/en/list/1570,1570,https://whc.unesco.org/en/list/1570/gallery,https://whc.unesco.org/uploads/thumbs/site_1570_0004-1200-630-20210604102540.jpg
Sacred Ensembles of the Hoysalas,cultural,https://whc.unesco.org/en/list/1670,1670,https://whc.unesco.org/en/list/1670/gallery,https://whc.unesco.org/uploads/thumbs/site_1670_0003-1200-630-20220504115040.jpg
Santiniketan,cultural,https://whc.unesco.org/en/list/1375,1375,https://whc.unesco.org/en/list/1375/gallery,https://whc.unesco.org/uploads/thumbs/site_1375_0001-1200-630-20250507162324.jpg
Moidams – the Mound-Burial System of the Ahom Dynasty,cultural,https://whc.unesco.org/en/list/1711,1711,https://whc.unesco.org/en/list/1711/gallery,https://whc.unesco.org/uploads/thumbs/site_1711_0018-1200-630-20240531144908.jpg
Maratha Military Landscapes of India,cultural,https://whc.unesco.org/en/list/1739,1739,https://whc.unesco.org/en/list/1739/gallery,https://whc.unesco.org/uploads/thumbs/site_1739_0007-1200-630-20250620165614.jpg
Borobudur Temple Compounds,cultural,https://whc.unesco.org/en/list/592,592,https://whc.unesco.org/en/list/592/gallery,https://whc.unesco.org/uploads/thumbs/site_0592_0004-1200-630-20121115151308.jpg
Komodo National Park,natural,https://whc.unesco.org/en/list/609,609,https://whc.unesco.org/en/list/609/gallery,https://whc.unesco.org/uploads/thumbs/site_0609_0015-1200-630-20170222120018.jpg
Prambanan Temple Compounds,cultural,https://whc.unesco.org/en/list/642,642,https://whc.unesco.org/en/list/642/gallery,https://whc.unesco.org/uploads/thumbs/site_0642_0001-1200-630-20151104153312.jpg
Ujung Kulon National Park,natural,https://whc.unesco.org/en/list/608,608,https://whc.unesco.org/en/list/608/gallery,https://whc.unesco.org/uploads/thumbs/site_0608_0001-1200-630-20151104153614.jpg
Sangiran Early Man Site,cultural,https://whc.unesco.org/en/list/593,593,https://whc.unesco.org/en/list/593/gallery,https://whc.unesco.org/uploads/thumbs/site_0593_0003-1200-630-20131017191747.jpg
Lorentz National Park,natural,https://whc.unesco.org/en/list/955,955,https://whc.unesco.org/en/list/955/gallery,
Tropical Rainforest Heritage of Sumatra,natural_danger,https://whc.unesco.org/en/list/1167,1167,https://whc.unesco.org/en/list/1167/gallery,https://whc.unesco.org/uploads/thumbs/site_1167_0008-1200-630-20180216142414.jpg
Cultural Landscape of Bali Province: theSubakSystem as a Manifestation of theTri Hita KaranaPhilosophy,cultural,https://whc.unesco.org/en/list/1194,1194,https://whc.unesco.org/en/list/1194/gallery,https://whc.unesco.org/uploads/thumbs/site_1194_0006-1200-630-20230113154956.jpg
Ombilin Coal Mining Heritage of Sawahlunto,cultural,https://whc.unesco.org/en/list/1610,1610,https://whc.unesco.org/en/list/1610/gallery,https://whc.unesco.org/uploads/thumbs/site_1610_0010-1200-630-20190506170539.jpg
The Cosmological Axis of Yogyakarta and its Historic Landmarks,cultural,https://whc.unesco.org/en/list/1671,1671,https://whc.unesco.org/en/list/1671/gallery,https://whc.unesco.org/uploads/thumbs/site_1671_0005-1200-630-20241030100135.jpg
"Meidan Emam, Esfahan",cultural,https://whc.unesco.org/en/list/115,115,https://whc.unesco.org/en/list/115/gallery,https://whc.unesco.org/uploads/thumbs/site_0115_0009-1200-630-20161208143540.jpg
Persepolis,cultural,https://whc.unesco.org/en/list/114,114,https://whc.unesco.org/en/list/114/gallery,https://whc.unesco.org/uploads/thumbs/site_0114_0001-1200-630-20151105104017.jpg
Tchogha Zanbil,cultural,https://whc.unesco.org/en/list/113,113,https://whc.unesco.org/en/list/113/gallery,https://whc.unesco.org/uploads/thumbs/site_0113_0015-1200-630-20131029160318.jpg
Takht-e Soleyman,cultural,https://whc.unesco.org/en/list/1077,1077,https://whc.unesco.org/en/list/1077/gallery,https://whc.unesco.org/uploads/thumbs/site_1077_0003-1200-630-20100806164450.jpg
Bam and its Cultural Landscape,cultural,https://whc.unesco.org/en/list/1208,1208,https://whc.unesco.org/en/list/1208/gallery,https://whc.unesco.org/uploads/thumbs/site_1208_0001-1200-630-20151104153646.jpg
Pasargadae,cultural,https://whc.unesco.org/en/list/1106,1106,https://whc.unesco.org/en/list/1106/gallery,https://whc.unesco.org/uploads/thumbs/site_1106_0019-1200-630-20151104153908.jpg
Soltaniyeh,cultural,https://whc.unesco.org/en/list/1188,1188,https://whc.unesco.org/en/list/1188/gallery,https://whc.unesco.org/uploads/thumbs/site_1188_0009-1200-630-20130717145938.jpg
Bisotun,cultural,https://whc.unesco.org/en/list/1222,1222,https://whc.unesco.org/en/list/1222/gallery,https://whc.unesco.org/uploads/thumbs/site_1222_0001-1200-630-20110920204335.jpg
Armenian Monastic Ensembles of Iran,cultural,https://whc.unesco.org/en/list/1262,1262,https://whc.unesco.org/en/list/1262/gallery,https://whc.unesco.org/uploads/thumbs/site_1262_0010-1200-630-20231020093733.jpg
Shushtar Historical Hydraulic System,cultural,https://whc.unesco.org/en/list/1315,1315,https://whc.unesco.org/en/list/1315/gallery,https://whc.unesco.org/uploads/thumbs/site_1315_0004-1200-630-20231211104520.jpg
Sheikh Safi al-din Khānegāh and Shrine Ensemble in Ardabil,cultural,https://whc.unesco.org/en/list/1345,1345,https://whc.unesco.org/en/list/1345/gallery,https://whc.unesco.org/uploads/thumbs/site_1345_0002-1200-630-20151104153949.jpg
Tabriz Historic Bazaar Complex,cultural,https://whc.unesco.org/en/list/1346,1346,https://whc.unesco.org/en/list/1346/gallery,https://whc.unesco.org/uploads/thumbs/site_1346_0001-1200-630-20230113125101.jpg
The Persian Garden,cultural,https://whc.unesco.org/en/list/1372,1372,https://whc.unesco.org/en/list/1372/gallery,https://whc.unesco.org/uploads/thumbs/site_1372_0007-1200-630-20221003103052.jpg
Gonbad-e Qābus,cultural,https://whc.unesco.org/en/list/1398,1398,https://whc.unesco.org/en/list/1398/gallery,https://whc.unesco.org/uploads/thumbs/site_1398_0001-1200-630-20120822111437.jpg
Masjed-e Jāmé of Isfahan,cultural,https://whc.unesco.org/en/list/1397,1397,https://whc.unesco.org/en/list/1397/gallery,https://whc.unesco.org/uploads/thumbs/site_1397_0003-1200-630-20120621165307.jpg
Golestan Palace,cultural,https://whc.unesco.org/en/list/1422,1422,https://whc.unesco.org/en/list/1422/gallery,https://whc.unesco.org/uploads/thumbs/site_1422_0005-1200-630-20151104153828.jpg
Shahr-i Sokhta,cultural,https://whc.unesco.org/en/list/1456,1456,https://whc.unesco.org/en/list/1456/gallery,https://whc.unesco.org/uploads/thumbs/site_1456_0002-1200-630-20150518195523.jpg
Cultural Landscape of Maymand,cultural,https://whc.unesco.org/en/list/1423,1423,https://whc.unesco.org/en/list/1423/gallery,https://whc.unesco.org/uploads/thumbs/site_1423_0021-1200-630-20150612100400.jpg
Susa,cultural,https://whc.unesco.org/en/list/1455,1455,https://whc.unesco.org/en/list/1455/gallery,https://whc.unesco.org/uploads/thumbs/site_1455_0001-1200-630-20230221170642.jpg
Lut Desert,natural,https://whc.unesco.org/en/list/1505,1505,https://whc.unesco.org/en/list/1505/gallery,https://whc.unesco.org/uploads/thumbs/site_1505_0011-1200-630-20160616154958.jpg
The Persian Qanat,cultural,https://whc.unesco.org/en/list/1506,1506,https://whc.unesco.org/en/list/1506/gallery,https://whc.unesco.org/uploads/thumbs/site_1506_0006-1200-630-20160616154810.jpg
Historic City of Yazd,cultural,https://whc.unesco.org/en/list/1544,1544,https://whc.unesco.org/en/list/1544/gallery,https://whc.unesco.org/uploads/thumbs/site_1544_0003-1200-630-20230117151422.jpg
Sassanid Archaeological Landscape of Fars Region,cultural,https://whc.unesco.org/en/list/1568,1568,https://whc.unesco.org/en/list/1568/gallery,https://whc.unesco.org/uploads/thumbs/site_1568_0023-1200-630-20221003173315.jpg
Hyrcanian Forests,natural,https://whc.unesco.org/en/list/1584,1584,https://whc.unesco.org/en/list/1584/gallery,https://whc.unesco.org/uploads/thumbs/site_1584_0003-1200-630-20230704180544.jpg
Cultural Landscape of Hawraman/Uramanat,cultural,https://whc.unesco.org/en/list/1647,1647,https://whc.unesco.org/en/list/1647/gallery,https://whc.unesco.org/uploads/thumbs/site_1647_0002-1200-630-20230223095425.jpg
Trans-Iranian Railway,cultural,https://whc.unesco.org/en/list/1585,1585,https://whc.unesco.org/en/list/1585/gallery,https://whc.unesco.org/uploads/thumbs/site_1585_0011-1200-630-20190320101417.jpg
The Persian Caravanserai,cultural,https://whc.unesco.org/en/list/1668,1668,https://whc.unesco.org/en/list/1668/gallery,https://whc.unesco.org/uploads/thumbs/site_1668_0002-1200-630-20231020132833.jpg
Hegmataneh,cultural,https://whc.unesco.org/en/list/1716,1716,https://whc.unesco.org/en/list/1716/gallery,https://whc.unesco.org/uploads/thumbs/site_1716_0020-1200-630-20240727220944.jpg
Prehistoric Sites of the Khorramabad Valley,cultural,https://whc.unesco.org/en/list/1744,1744,https://whc.unesco.org/en/list/1744/gallery,https://whc.unesco.org/uploads/thumbs/site_1744_0006-1200-630-20250616153432.jpg
Hatra,cultural_danger,https://whc.unesco.org/en/list/277,277,https://whc.unesco.org/en/list/277/gallery,https://whc.unesco.org/uploads/thumbs/site_0277_0010-1200-630-20151104154239.jpg
Ashur (Qal'at Sherqat),cultural_danger,https://whc.unesco.org/en/list/1130,1130,https://whc.unesco.org/en/list/1130/gallery,https://whc.unesco.org/uploads/thumbs/site_1130_0007-1200-630-20151104154215.jpg
Samarra Archaeological City,cultural_danger,https://whc.unesco.org/en/list/276,276,https://whc.unesco.org/en/list/276/gallery,https://whc.unesco.org/uploads/thumbs/site_0276_0005-1200-630-20151104154400.jpg
Erbil Citadel,cultural,https://whc.unesco.org/en/list/1437,1437,https://whc.unesco.org/en/list/1437/gallery,https://whc.unesco.org/uploads/thumbs/site_1437_0003-1200-630-20140621133845.jpg
The Ahwar of Southern Iraq: Refuge of Biodiversity and the Relict Landscape of the Mesopotamian Cities,mixed,https://whc.unesco.org/en/list/1481,1481,https://whc.unesco.org/en/list/1481/gallery,https://whc.unesco.org/uploads/thumbs/site_1481_0002-1200-630-20160624154019.jpg
Babylon,cultural,https://whc.unesco.org/en/list/278,278,https://whc.unesco.org/en/list/278/gallery,https://whc.unesco.org/uploads/thumbs/site_0278_0008-1200-630-20221004100212.jpg
Brú na Bóinne - Archaeological Ensemble of the Bend of the Boyne,cultural,https://whc.unesco.org/en/list/659,659,https://whc.unesco.org/en/list/659/gallery,https://whc.unesco.org/uploads/thumbs/site_0659_0001-1200-630-20151105104045.jpg
Sceilg Mhichíl,cultural,https://whc.unesco.org/en/list/757,757,https://whc.unesco.org/en/list/757/gallery,https://whc.unesco.org/uploads/thumbs/site_0757_0012-1200-630-20170904170931.jpg
Masada,cultural,https://whc.unesco.org/en/list/1040,1040,https://whc.unesco.org/en/list/1040/gallery,https://whc.unesco.org/uploads/thumbs/site_1040_0009-1200-630-20171215172438.jpg
Old City of Acre,cultural,https://whc.unesco.org/en/list/1042,1042,https://whc.unesco.org/en/list/1042/gallery,https://whc.unesco.org/uploads/thumbs/site_1042_0004-1200-630-20151105105133.jpg
White City of Tel-Aviv – the Modern Movement,cultural,https://whc.unesco.org/en/list/1096,1096,https://whc.unesco.org/en/list/1096/gallery,https://whc.unesco.org/uploads/thumbs/site_1096_0001-1200-630-20090924105948.jpg
"Biblical Tels - Megiddo, Hazor, Beer Sheba",cultural,https://whc.unesco.org/en/list/1108,1108,https://whc.unesco.org/en/list/1108/gallery,https://whc.unesco.org/uploads/thumbs/site_1108_0002-1200-630-20151105104316.jpg
Incense Route - Desert Cities in the Negev,cultural,https://whc.unesco.org/en/list/1107,1107,https://whc.unesco.org/en/list/1107/gallery,https://whc.unesco.org/uploads/thumbs/site_1107_0005-1200-630-20131029154618.jpg
Bahá’i Holy Places in Haifa and the Western Galilee,cultural,https://whc.unesco.org/en/list/1220,1220,https://whc.unesco.org/en/list/1220/gallery,https://whc.unesco.org/uploads/thumbs/site_1220_0010-1200-630-20231020100359.jpg
Sites of Human Evolution at Mount Carmel: The Nahal Me’arot / Wadi el-Mughara Caves,cultural,https://whc.unesco.org/en/list/1393,1393,https://whc.unesco.org/en/list/1393/gallery,https://whc.unesco.org/uploads/thumbs/site_1393_0005-1200-630-20120625142943.jpg
Caves of Maresha and Bet-Guvrin in the Judean Lowlands as a Microcosm of the Land of the Caves,cultural,https://whc.unesco.org/en/list/1370,1370,https://whc.unesco.org/en/list/1370/gallery,https://whc.unesco.org/uploads/thumbs/site_1370_0029-1200-630-20221125093405.jpg
Necropolis of Bet She’arim: A Landmark of Jewish Renewal,cultural,https://whc.unesco.org/en/list/1471,1471,https://whc.unesco.org/en/list/1471/gallery,https://whc.unesco.org/uploads/thumbs/site_1471_0024-1200-630-20221005094051.jpg
Rock Drawings in Valcamonica,cultural,https://whc.unesco.org/en/list/94,94,https://whc.unesco.org/en/list/94/gallery,https://whc.unesco.org/uploads/thumbs/site_0094_0001-1200-630-20151105112249.jpg
Church and Dominican Convent of Santa Maria delle Grazie with “The Last Supper” by Leonardo da Vinci,cultural,https://whc.unesco.org/en/list/93,93,https://whc.unesco.org/en/list/93/gallery,https://whc.unesco.org/uploads/thumbs/site_0093_0018-1200-630-20250828120811.jpg
"Historic Centre of Rome, the Properties of the Holy See in that City Enjoying Extraterritorial Rights and San Paolo Fuori le Mura",cultural,https://whc.unesco.org/en/list/91,91,https://whc.unesco.org/en/list/91/gallery,https://whc.unesco.org/uploads/thumbs/site_0091_0061-1200-630-20140709164150.jpg
Historic Centre of Florence,cultural,https://whc.unesco.org/en/list/174,174,https://whc.unesco.org/en/list/174/gallery,https://whc.unesco.org/uploads/thumbs/site_0174_0051-1200-630-20151105105918.jpg
"Piazza del Duomo, Pisa",cultural,https://whc.unesco.org/en/list/395,395,https://whc.unesco.org/en/list/395/gallery,https://whc.unesco.org/uploads/thumbs/site_0395_0013-1200-630-20160216171439.jpg
Venice and its Lagoon,cultural,https://whc.unesco.org/en/list/394,394,https://whc.unesco.org/en/list/394/gallery,https://whc.unesco.org/uploads/thumbs/site_0394_0002-1200-630-20260127180045.jpg
Historic Centre of San Gimignano,cultural,https://whc.unesco.org/en/list/550,550,https://whc.unesco.org/en/list/550/gallery,https://whc.unesco.org/uploads/thumbs/site_0550_0001-1200-630-20151105110234.jpg
The Sassi and the Park of the Rupestrian Churches of Matera,cultural,https://whc.unesco.org/en/list/670,670,https://whc.unesco.org/en/list/670/gallery,https://whc.unesco.org/uploads/thumbs/site_0670_0001-1200-630-20151105112849.jpg
City of Vicenza and the Palladian Villas of the Veneto,cultural,https://whc.unesco.org/en/list/712,712,https://whc.unesco.org/en/list/712/gallery,https://whc.unesco.org/uploads/thumbs/site_0712_0001-1200-630-20151105105048.jpg
Crespi d'Adda,cultural,https://whc.unesco.org/en/list/730,730,https://whc.unesco.org/en/list/730/gallery,https://whc.unesco.org/uploads/thumbs/site_0730_0001-1200-630-20151105105349.jpg
"Ferrara, City of the Renaissance, and its Po Delta",cultural,https://whc.unesco.org/en/list/733,733,https://whc.unesco.org/en/list/733/gallery,https://whc.unesco.org/uploads/thumbs/site_0733_0010-1200-630-20151105105633.jpg
Historic Centre of Naples,cultural,https://whc.unesco.org/en/list/726,726,https://whc.unesco.org/en/list/726/gallery,https://whc.unesco.org/uploads/thumbs/site_0726_0010-1200-630-20121115152730.jpg
Historic Centre of Siena,cultural,https://whc.unesco.org/en/list/717,717,https://whc.unesco.org/en/list/717/gallery,https://whc.unesco.org/uploads/thumbs/site_0717_0016-1200-630-20151105110341.jpg
Castel del Monte,cultural,https://whc.unesco.org/en/list/398,398,https://whc.unesco.org/en/list/398/gallery,https://whc.unesco.org/uploads/thumbs/site_0398_0003-1200-630-20151111172017.jpg
Early Christian Monuments of Ravenna,cultural,https://whc.unesco.org/en/list/788,788,https://whc.unesco.org/en/list/788/gallery,https://whc.unesco.org/uploads/thumbs/site_0788_0021-1200-630-20251006111854.jpg
Historic Centre of the City of Pienza,cultural,https://whc.unesco.org/en/list/789,789,https://whc.unesco.org/en/list/789/gallery,https://whc.unesco.org/uploads/thumbs/site_0789_0004-1200-630-20151105110612.jpg
TheTrulliof Alberobello,cultural,https://whc.unesco.org/en/list/787,787,https://whc.unesco.org/en/list/787/gallery,https://whc.unesco.org/uploads/thumbs/site_0787_0004-1200-630-20251006102930.jpg
"18th-Century Royal Palace at Caserta with the Park, the Aqueduct of Vanvitelli, and the San Leucio Complex",cultural,https://whc.unesco.org/en/list/549,549,https://whc.unesco.org/en/list/549/gallery,https://whc.unesco.org/uploads/thumbs/site_0549_0001-1200-630-20090924112625.jpg
Archaeological Area of Agrigento,cultural,https://whc.unesco.org/en/list/831,831,https://whc.unesco.org/en/list/831/gallery,https://whc.unesco.org/uploads/thumbs/site_0831_0001-1200-630-20151105104658.jpg
"Archaeological Areas of Pompei, Herculaneum and Torre Annunziata",cultural,https://whc.unesco.org/en/list/829,829,https://whc.unesco.org/en/list/829/gallery,https://whc.unesco.org/uploads/thumbs/site_0829_0001-1200-630-20130107152122.jpg
"Botanical Garden (Orto Botanico), Padua",cultural,https://whc.unesco.org/en/list/824,824,https://whc.unesco.org/en/list/824/gallery,https://whc.unesco.org/uploads/thumbs/site_0824_0020-1200-630-20171218115306.jpg
"Cathedral, Torre Civica and Piazza Grande, Modena",cultural,https://whc.unesco.org/en/list/827,827,https://whc.unesco.org/en/list/827/gallery,https://whc.unesco.org/uploads/thumbs/site_0827_0001-1200-630-20151105105227.jpg
Costiera Amalfitana,cultural,https://whc.unesco.org/en/list/830,830,https://whc.unesco.org/en/list/830/gallery,https://whc.unesco.org/uploads/thumbs/site_0830_0002-1200-630-20151105105326.jpg
"Portovenere, Cinque Terre, and the Islands (Palmaria, Tino and Tinetto)",cultural,https://whc.unesco.org/en/list/826,826,https://whc.unesco.org/en/list/826/gallery,https://whc.unesco.org/uploads/thumbs/site_0826_0004-1200-630-20151105110903.jpg
Residences of the Royal House of Savoy,cultural,https://whc.unesco.org/en/list/823,823,https://whc.unesco.org/en/list/823/gallery,https://whc.unesco.org/uploads/thumbs/site_0823_0001-1200-630-20151105112227.jpg
Su Nuraxi di Barumini,cultural,https://whc.unesco.org/en/list/833,833,https://whc.unesco.org/en/list/833/gallery,https://whc.unesco.org/uploads/thumbs/site_0833_0002-1200-630-20151105112732.jpg
Villa Romana del Casale,cultural,https://whc.unesco.org/en/list/832,832,https://whc.unesco.org/en/list/832/gallery,https://whc.unesco.org/uploads/thumbs/site_0832_0001-1200-630-20151105113136.jpg
Archaeological Area and the Patriarchal Basilica of Aquileia,cultural,https://whc.unesco.org/en/list/825,825,https://whc.unesco.org/en/list/825/gallery,https://whc.unesco.org/uploads/thumbs/site_0825_0002-1200-630-20151105104604.jpg
"Cilento and Vallo di Diano National Park with the Archeological Sites of Paestum and Velia, and the Certosa di Padula",cultural,https://whc.unesco.org/en/list/842,842,https://whc.unesco.org/en/list/842/gallery,https://whc.unesco.org/uploads/thumbs/site_0842_0001-1200-630-20080619113840.jpg
Historic Centre of Urbino,cultural,https://whc.unesco.org/en/list/828,828,https://whc.unesco.org/en/list/828/gallery,https://whc.unesco.org/uploads/thumbs/site_0828_0001-1200-630-20151105110708.jpg
Villa Adriana (Tivoli),cultural,https://whc.unesco.org/en/list/907,907,https://whc.unesco.org/en/list/907/gallery,https://whc.unesco.org/uploads/thumbs/site_0907_0005-1200-630-20140623115543.jpg
"Assisi, the Basilica of San Francesco and Other Franciscan Sites",cultural,https://whc.unesco.org/en/list/990,990,https://whc.unesco.org/en/list/990/gallery,https://whc.unesco.org/uploads/thumbs/site_0990_0005-1200-630-20151104131608.jpg
City of Verona,cultural,https://whc.unesco.org/en/list/797,797,https://whc.unesco.org/en/list/797/gallery,https://whc.unesco.org/uploads/thumbs/site_0797_0012-1200-630-20151105105252.jpg
Isole Eolie (Aeolian Islands),natural,https://whc.unesco.org/en/list/908,908,https://whc.unesco.org/en/list/908/gallery,https://whc.unesco.org/uploads/thumbs/site_0908_0001-1200-630-20151105112153.jpg
"Villa d'Este, Tivoli",cultural,https://whc.unesco.org/en/list/1025,1025,https://whc.unesco.org/en/list/1025/gallery,https://whc.unesco.org/uploads/thumbs/site_1025_0006-1200-630-20140623115319.jpg
Late Baroque Towns of the Val di Noto (South-Eastern Sicily),cultural,https://whc.unesco.org/en/list/1024,1024,https://whc.unesco.org/en/list/1024/gallery,https://whc.unesco.org/uploads/thumbs/site_1024_0001-1200-630-20151105110807.jpg
Sacri Montiof Piedmont and Lombardy,cultural,https://whc.unesco.org/en/list/1068,1068,https://whc.unesco.org/en/list/1068/gallery,https://whc.unesco.org/uploads/thumbs/site_1068_0001-1200-630-20151105105152.jpg
Monte San Giorgio,natural,https://whc.unesco.org/en/list/1090,1090,https://whc.unesco.org/en/list/1090/gallery,https://whc.unesco.org/uploads/thumbs/site_1090_0001-1200-630-20100802181405.jpg
Etruscan Necropolises of Cerveteri and Tarquinia,cultural,https://whc.unesco.org/en/list/1158,1158,https://whc.unesco.org/en/list/1158/gallery,https://whc.unesco.org/uploads/thumbs/site_1158_0001-1200-630-20130912132554.jpg
Val d'Orcia,cultural,https://whc.unesco.org/en/list/1026,1026,https://whc.unesco.org/en/list/1026/gallery,https://whc.unesco.org/uploads/thumbs/site_1026_0001-1200-630-20151105112939.jpg
Syracuse and the Rocky Necropolis of Pantalica,cultural,https://whc.unesco.org/en/list/1200,1200,https://whc.unesco.org/en/list/1200/gallery,https://whc.unesco.org/uploads/thumbs/site_1200_0001-1200-630-20151105112656.jpg
Genoa:Le Strade Nuoveand the system of thePalazzi dei Rolli,cultural,https://whc.unesco.org/en/list/1211,1211,https://whc.unesco.org/en/list/1211/gallery,https://whc.unesco.org/uploads/thumbs/site_1211_0001-1200-630-20110920204258.jpg
Ancient and Primeval Beech Forests of the Carpathians and Other Regions of Europe,natural,https://whc.unesco.org/en/list/1133,1133,https://whc.unesco.org/en/list/1133/gallery,https://whc.unesco.org/uploads/thumbs/site_1133_0076-1200-630-20251103122935.jpg
Mantua and Sabbioneta,cultural,https://whc.unesco.org/en/list/1287,1287,https://whc.unesco.org/en/list/1287/gallery,https://whc.unesco.org/uploads/thumbs/site_1287_0002-1200-630-20151105121038.jpg
Rhaetian Railway in the Albula / Bernina Landscapes,cultural,https://whc.unesco.org/en/list/1276,1276,https://whc.unesco.org/en/list/1276/gallery,https://whc.unesco.org/uploads/thumbs/site_1276_0003-1200-630-20231020100813.jpg
The Dolomites,natural,https://whc.unesco.org/en/list/1237,1237,https://whc.unesco.org/en/list/1237/gallery,https://whc.unesco.org/uploads/thumbs/site_1237_0011-1200-630-20230117114533.jpg
Longobards in Italy. Places of the Power (568-774 A.D.),cultural,https://whc.unesco.org/en/list/1318,1318,https://whc.unesco.org/en/list/1318/gallery,https://whc.unesco.org/uploads/thumbs/site_1318_0005-1200-630-20221003165950.jpg
Prehistoric Pile Dwellings around the Alps,cultural,https://whc.unesco.org/en/list/1363,1363,https://whc.unesco.org/en/list/1363/gallery,https://whc.unesco.org/uploads/thumbs/site_1363_0001-1200-630-20260121175321.jpg
Medici Villas and Gardens in Tuscany,cultural,https://whc.unesco.org/en/list/175,175,https://whc.unesco.org/en/list/175/gallery,https://whc.unesco.org/uploads/thumbs/site_0175_0005-1200-630-20230112112254.jpg
Mount Etna,natural,https://whc.unesco.org/en/list/1427,1427,https://whc.unesco.org/en/list/1427/gallery,https://whc.unesco.org/uploads/thumbs/site_1427_0003-1200-630-20230125133428.jpg
Vineyard Landscape of Piedmont: Langhe-Roero and Monferrato,cultural,https://whc.unesco.org/en/list/1390,1390,https://whc.unesco.org/en/list/1390/gallery,https://whc.unesco.org/uploads/thumbs/site_1390_0034-1200-630-20221130114316.jpg
Arab-Norman Palermo and the Cathedral Churches of Cefalú and Monreale,cultural,https://whc.unesco.org/en/list/1487,1487,https://whc.unesco.org/en/list/1487/gallery,https://whc.unesco.org/uploads/thumbs/site_1487_0010-1200-630-20150623153819.jpg
Venetian Works of Defence between the 16th and 17th Centuries:Stato da Terra– WesternStato da Mar,cultural,https://whc.unesco.org/en/list/1533,1533,https://whc.unesco.org/en/list/1533/gallery,https://whc.unesco.org/uploads/thumbs/site_1533_0001-1200-630-20230109203151.jpg
"Ivrea, industrial city of the 20th century",cultural,https://whc.unesco.org/en/list/1538,1538,https://whc.unesco.org/en/list/1538/gallery,https://whc.unesco.org/uploads/thumbs/site_1538_0008-1200-630-20220208175426.jpg
Le Colline del Prosecco di Conegliano e Valdobbiadene,cultural,https://whc.unesco.org/en/list/1571,1571,https://whc.unesco.org/en/list/1571/gallery,https://whc.unesco.org/uploads/thumbs/site_1571_0008-1200-630-20231023170904.jpg
Padua’s fourteenth-century fresco cycles,cultural,https://whc.unesco.org/en/list/1623,1623,https://whc.unesco.org/en/list/1623/gallery,https://whc.unesco.org/uploads/thumbs/site_1623_0001-1200-630-20210603153152.jpg
The Great Spa Towns of Europe,cultural,https://whc.unesco.org/en/list/1613,1613,https://whc.unesco.org/en/list/1613/gallery,https://whc.unesco.org/uploads/thumbs/site_1613_0001-1200-630-20210401103443.jpg
The Porticoes of Bologna,cultural,https://whc.unesco.org/en/list/1650,1650,https://whc.unesco.org/en/list/1650/gallery,https://whc.unesco.org/uploads/thumbs/site_1650_0005-1200-630-20211109085244.jpg
Evaporitic Karst and Caves of Northern Apennines,natural,https://whc.unesco.org/en/list/1692,1692,https://whc.unesco.org/en/list/1692/gallery,https://whc.unesco.org/uploads/thumbs/site_1692_0005-1200-630-20220504152902.jpg
Via Appia.Regina Viarum,cultural,https://whc.unesco.org/en/list/1708,1708,https://whc.unesco.org/en/list/1708/gallery,https://whc.unesco.org/uploads/thumbs/site_1708_0008-1200-630-20240603112441.jpg
Funerary Tradition in the Prehistory of Sardinia –The domus de janas,cultural,https://whc.unesco.org/en/list/1730,1730,https://whc.unesco.org/en/list/1730/gallery,https://whc.unesco.org/uploads/thumbs/site_1730_0004-1200-630-20250617152030.jpg
Blue and John Crow Mountains,mixed,https://whc.unesco.org/en/list/1356,1356,https://whc.unesco.org/en/list/1356/gallery,https://whc.unesco.org/uploads/thumbs/site_1356_0023-1200-630-20241029125813.jpg
The Archaeological Ensemble of 17th Century Port Royal,cultural,https://whc.unesco.org/en/list/1595,1595,https://whc.unesco.org/en/list/1595/gallery,https://whc.unesco.org/uploads/thumbs/site_1595_0001-1200-630-20250616161849.jpg
Buddhist Monuments in the Horyu-ji Area,cultural,https://whc.unesco.org/en/list/660,660,https://whc.unesco.org/en/list/660/gallery,https://whc.unesco.org/uploads/thumbs/site_0660_0006-1200-630-20130419173921.jpg
Himeji-jo,cultural,https://whc.unesco.org/en/list/661,661,https://whc.unesco.org/en/list/661/gallery,https://whc.unesco.org/uploads/thumbs/site_0661_0001-1200-630-20151105113157.jpg
Shirakami-Sanchi,natural,https://whc.unesco.org/en/list/663,663,https://whc.unesco.org/en/list/663/gallery,https://whc.unesco.org/uploads/thumbs/site_0663_0001-1200-630-20151105113918.jpg
Yakushima,natural,https://whc.unesco.org/en/list/662,662,https://whc.unesco.org/en/list/662/gallery,https://whc.unesco.org/uploads/thumbs/site_0662_0001-1200-630-20151105113938.jpg
"Historic Monuments of Ancient Kyoto (Kyoto, Uji and Otsu Cities)",cultural,https://whc.unesco.org/en/list/688,688,https://whc.unesco.org/en/list/688/gallery,https://whc.unesco.org/uploads/thumbs/site_0688_0030-1200-630-20151105113320.jpg
Historic Villages of Shirakawa-go and Gokayama,cultural,https://whc.unesco.org/en/list/734,734,https://whc.unesco.org/en/list/734/gallery,https://whc.unesco.org/uploads/thumbs/site_0734_0001-1200-630-20090921180202.jpg
Hiroshima Peace Memorial (Genbaku Dome),cultural,https://whc.unesco.org/en/list/775,775,https://whc.unesco.org/en/list/775/gallery,https://whc.unesco.org/uploads/thumbs/site_0775_0001-1200-630-20151105113749.jpg
Itsukushima Shinto Shrine,cultural,https://whc.unesco.org/en/list/776,776,https://whc.unesco.org/en/list/776/gallery,https://whc.unesco.org/uploads/thumbs/site_0776_0001-1200-630-20151105113810.jpg
Historic Monuments of Ancient Nara,cultural,https://whc.unesco.org/en/list/870,870,https://whc.unesco.org/en/list/870/gallery,https://whc.unesco.org/uploads/thumbs/site_0870_0001-1200-630-20151105113328.jpg
Shrines and Temples of Nikko,cultural,https://whc.unesco.org/en/list/913,913,https://whc.unesco.org/en/list/913/gallery,https://whc.unesco.org/uploads/thumbs/site_0913_0004-1200-630-20150518200158.jpg
Gusuku Sites and Related Properties of the Kingdom of Ryukyu,cultural,https://whc.unesco.org/en/list/972,972,https://whc.unesco.org/en/list/972/gallery,https://whc.unesco.org/uploads/thumbs/site_0972_0001-1200-630-20090921180745.jpg
Sacred Sites and Pilgrimage Routes in the Kii Mountain Range,cultural,https://whc.unesco.org/en/list/1142,1142,https://whc.unesco.org/en/list/1142/gallery,https://whc.unesco.org/uploads/thumbs/site_1142_0008-1200-630-20241029163718.jpg
Shiretoko,natural,https://whc.unesco.org/en/list/1193,1193,https://whc.unesco.org/en/list/1193/gallery,https://whc.unesco.org/uploads/thumbs/site_1193_0007-1200-630-20241029175703.jpg
Iwami Ginzan Silver Mine and its Cultural Landscape,cultural,https://whc.unesco.org/en/list/1246,1246,https://whc.unesco.org/en/list/1246/gallery,https://whc.unesco.org/uploads/thumbs/site_1246_0001-1200-630-20110920204502.jpg
"Hiraizumi – Temples, Gardens and Archaeological Sites Representing the Buddhist Pure Land",cultural,https://whc.unesco.org/en/list/1277,1277,https://whc.unesco.org/en/list/1277/gallery,https://whc.unesco.org/uploads/thumbs/site_1277_0002-1200-630-20241125102953.jpg
Ogasawara Islands,natural,https://whc.unesco.org/en/list/1362,1362,https://whc.unesco.org/en/list/1362/gallery,https://whc.unesco.org/uploads/thumbs/site_1362_0001-1200-630-20230118125928.jpg
"Fujisan, sacred place and source of artistic inspiration",cultural,https://whc.unesco.org/en/list/1418,1418,https://whc.unesco.org/en/list/1418/gallery,https://whc.unesco.org/uploads/thumbs/site_1418_0008-1200-630-20230113162638.jpg
Tomioka Silk Mill and Related Sites,cultural,https://whc.unesco.org/en/list/1449,1449,https://whc.unesco.org/en/list/1449/gallery,https://whc.unesco.org/uploads/thumbs/site_1449_0039-1200-630-20221006115535.jpg
"Sites of Japan’s Meiji Industrial Revolution: Iron and Steel, Shipbuilding and Coal Mining",cultural,https://whc.unesco.org/en/list/1484,1484,https://whc.unesco.org/en/list/1484/gallery,https://whc.unesco.org/uploads/thumbs/site_1484_0013-1200-630-20230113163643.jpg
"The Architectural Work of Le Corbusier, an Outstanding Contribution to the Modern Movement",cultural,https://whc.unesco.org/en/list/1321,1321,https://whc.unesco.org/en/list/1321/gallery,https://whc.unesco.org/uploads/thumbs/site_1321_0036-1200-630-20221003172203.jpg
Sacred Island of Okinoshima and Associated Sites in the Munakata Region,cultural,https://whc.unesco.org/en/list/1535,1535,https://whc.unesco.org/en/list/1535/gallery,https://whc.unesco.org/uploads/thumbs/site_1535_0015-1200-630-20221003164803.jpg
Hidden Christian Sites in the Nagasaki Region,cultural,https://whc.unesco.org/en/list/1495,1495,https://whc.unesco.org/en/list/1495/gallery,https://whc.unesco.org/uploads/thumbs/site_1495_0008-1200-630-20230210104402.jpg
Mozu-Furuichi Kofun Group: Mounded Tombs of Ancient Japan,cultural,https://whc.unesco.org/en/list/1593,1593,https://whc.unesco.org/en/list/1593/gallery,https://whc.unesco.org/uploads/thumbs/site_1593_0005-1200-630-20180313165953.jpg
"Amami-Oshima Island, Tokunoshima Island, Northern part of Okinawa Island, and Iriomote Island",natural,https://whc.unesco.org/en/list/1574,1574,https://whc.unesco.org/en/list/1574/gallery,https://whc.unesco.org/uploads/thumbs/site_1574_0009-1200-630-20231026121939.jpg
Jomon Prehistoric Sites in Northern Japan,cultural,https://whc.unesco.org/en/list/1632,1632,https://whc.unesco.org/en/list/1632/gallery,https://whc.unesco.org/uploads/thumbs/site_1632_0004-1200-630-20230112113043.jpg
Sado Island Gold Mines,cultural,https://whc.unesco.org/en/list/1698,1698,https://whc.unesco.org/en/list/1698/gallery,https://whc.unesco.org/uploads/thumbs/site_1698_0016-1200-630-20240517104906.jpg
Old City of Jerusalem and its Walls,cultural_danger,https://whc.unesco.org/en/list/148,148,https://whc.unesco.org/en/list/148/gallery,https://whc.unesco.org/uploads/thumbs/site_0148_0001-1200-630-20151105114017.jpg
Petra,cultural,https://whc.unesco.org/en/list/326,326,https://whc.unesco.org/en/list/326/gallery,https://whc.unesco.org/uploads/thumbs/site_0326_0044-1200-630-20151104133439.jpg
Quseir Amra,cultural,https://whc.unesco.org/en/list/327,327,https://whc.unesco.org/en/list/327/gallery,https://whc.unesco.org/uploads/thumbs/site_0327_0004-1200-630-20151105113355.jpg
Um er-Rasas (Kastrom Mefa'a),cultural,https://whc.unesco.org/en/list/1093,1093,https://whc.unesco.org/en/list/1093/gallery,https://whc.unesco.org/uploads/thumbs/site_1093_0001-1200-630-20151104133500.jpg
Wadi Rum Protected Area,mixed,https://whc.unesco.org/en/list/1377,1377,https://whc.unesco.org/en/list/1377/gallery,https://whc.unesco.org/uploads/thumbs/site_1377_0024-1200-630-20151105113530.jpg
Baptism Site “Bethany Beyond the Jordan” (Al-Maghtas),cultural,https://whc.unesco.org/en/list/1446,1446,https://whc.unesco.org/en/list/1446/gallery,https://whc.unesco.org/uploads/thumbs/site_1446_0001-1200-630-20150610115304.jpg
As-Salt - The Place of Tolerance and Urban Hospitality,cultural,https://whc.unesco.org/en/list/689,689,https://whc.unesco.org/en/list/689/gallery,https://whc.unesco.org/uploads/thumbs/site_0689_0037-1200-630-20210624102913.jpg
Umm Al-Jimāl,cultural,https://whc.unesco.org/en/list/1721,1721,https://whc.unesco.org/en/list/1721/gallery,https://whc.unesco.org/uploads/thumbs/site_1721_0014-1200-630-20240604103254.jpg
Mausoleum of Khoja Ahmed Yasawi,cultural,https://whc.unesco.org/en/list/1103,1103,https://whc.unesco.org/en/list/1103/gallery,https://whc.unesco.org/uploads/thumbs/site_1103_0003-1200-630-20130916122809.jpg
Petroglyphs of the Archaeological Landscape of Tanbaly,cultural,https://whc.unesco.org/en/list/1145,1145,https://whc.unesco.org/en/list/1145/gallery,https://whc.unesco.org/uploads/thumbs/site_1145_0007-1200-630-20230224102620.jpg
Saryarka – Steppe and Lakes of Northern Kazakhstan,natural,https://whc.unesco.org/en/list/1102,1102,https://whc.unesco.org/en/list/1102/gallery,https://whc.unesco.org/uploads/thumbs/site_1102_0005-1200-630-20231020153530.jpg
Silk Roads: the Routes Network of Chang'an-Tianshan Corridor,cultural,https://whc.unesco.org/en/list/1442,1442,https://whc.unesco.org/en/list/1442/gallery,https://whc.unesco.org/uploads/thumbs/site_1442_0008-1200-630-20140622125232.jpg
Western Tien-Shan,natural,https://whc.unesco.org/en/list/1490,1490,https://whc.unesco.org/en/list/1490/gallery,https://whc.unesco.org/uploads/thumbs/site_1490_0001-1200-630-20230124151745.jpg
Cold Winter Deserts of Turan,natural,https://whc.unesco.org/en/list/1693,1693,https://whc.unesco.org/en/list/1693/gallery,https://whc.unesco.org/uploads/thumbs/site_1693_0008-1200-630-20231020121711.jpg
Lake Turkana National Parks,natural_danger,https://whc.unesco.org/en/list/801,801,https://whc.unesco.org/en/list/801/gallery,https://whc.unesco.org/uploads/thumbs/site_0801_0001-1200-630-20090930173844.jpg
Mount Kenya National Park/Natural Forest,natural,https://whc.unesco.org/en/list/800,800,https://whc.unesco.org/en/list/800/gallery,https://whc.unesco.org/uploads/thumbs/site_0800_0014-1200-630-20140522114820.jpg
Lamu Old Town,cultural,https://whc.unesco.org/en/list/1055,1055,https://whc.unesco.org/en/list/1055/gallery,https://whc.unesco.org/uploads/thumbs/site_1055_0003-1200-630-20230120114844.jpg
Sacred Mijikenda Kaya Forests,cultural,https://whc.unesco.org/en/list/1231,1231,https://whc.unesco.org/en/list/1231/gallery,https://whc.unesco.org/uploads/thumbs/site_1231_0007-1200-630-20231020131353.jpg
"Fort Jesus, Mombasa",cultural,https://whc.unesco.org/en/list/1295,1295,https://whc.unesco.org/en/list/1295/gallery,https://whc.unesco.org/uploads/thumbs/site_1295_0003-1200-630-20230117151242.jpg
Kenya Lake System in the Great Rift Valley,natural,https://whc.unesco.org/en/list/1060,1060,https://whc.unesco.org/en/list/1060/gallery,https://whc.unesco.org/uploads/thumbs/site_1060_0009-1200-630-20251110100237.jpg
Thimlich Ohinga Archaeological Site,cultural,https://whc.unesco.org/en/list/1450,1450,https://whc.unesco.org/en/list/1450/gallery,https://whc.unesco.org/uploads/thumbs/site_1450_0006-1200-630-20231019092913.jpg
The Historic Town and Archaeological Site of Gedi,cultural,https://whc.unesco.org/en/list/1720,1720,https://whc.unesco.org/en/list/1720/gallery,https://whc.unesco.org/uploads/thumbs/site_1720_0006-1200-630-20240326123444.jpg
Phoenix Islands Protected Area,natural,https://whc.unesco.org/en/list/1325,1325,https://whc.unesco.org/en/list/1325/gallery,https://whc.unesco.org/uploads/thumbs/site_1325_0011-1200-630-20230301175340.jpg
Sulaiman-Too Sacred Mountain,cultural,https://whc.unesco.org/en/list/1230,1230,https://whc.unesco.org/en/list/1230/gallery,https://whc.unesco.org/uploads/thumbs/site_1230_0004-1200-630-20230113123928.jpg
Silk Roads: the Routes Network of Chang'an-Tianshan Corridor,cultural,https://whc.unesco.org/en/list/1442,1442,https://whc.unesco.org/en/list/1442/gallery,https://whc.unesco.org/uploads/thumbs/site_1442_0008-1200-630-20140622125232.jpg
Western Tien-Shan,natural,https://whc.unesco.org/en/list/1490,1490,https://whc.unesco.org/en/list/1490/gallery,https://whc.unesco.org/uploads/thumbs/site_1490_0001-1200-630-20230124151745.jpg
Town of Luang Prabang,cultural,https://whc.unesco.org/en/list/479,479,https://whc.unesco.org/en/list/479/gallery,https://whc.unesco.org/uploads/thumbs/site_0479_0001-1200-630-20151105114339.jpg
Vat Phou and Associated Ancient Settlements within the Champasak Cultural Landscape,cultural,https://whc.unesco.org/en/list/481,481,https://whc.unesco.org/en/list/481/gallery,https://whc.unesco.org/uploads/thumbs/site_0481_0011-1200-630-20151105114609.jpg
Phong Nha-Ke Bang National Park and Hin Nam No National Park,natural,https://whc.unesco.org/en/list/951,951,https://whc.unesco.org/en/list/951/gallery,https://whc.unesco.org/uploads/thumbs/site_0951_0035-1200-630-20250713120332.jpg
Megalithic Jar Sites in Xiengkhuang – Plain of Jars,cultural,https://whc.unesco.org/en/list/1587,1587,https://whc.unesco.org/en/list/1587/gallery,https://whc.unesco.org/uploads/thumbs/site_1587_0030-1200-630-20211208092714.jpg
Historic Centre of Riga,cultural,https://whc.unesco.org/en/list/852,852,https://whc.unesco.org/en/list/852/gallery,https://whc.unesco.org/uploads/thumbs/site_0852_0031-1200-630-20220217112212.jpg
Struve Geodetic Arc,cultural,https://whc.unesco.org/en/list/1187,1187,https://whc.unesco.org/en/list/1187/gallery,https://whc.unesco.org/uploads/thumbs/site_1187_0001-1200-630-20151104154840.jpg
Old town of Kuldīga,cultural,https://whc.unesco.org/en/list/1658,1658,https://whc.unesco.org/en/list/1658/gallery,https://whc.unesco.org/uploads/thumbs/site_1658_0005-1200-630-20220427120355.jpg
Anjar,cultural,https://whc.unesco.org/en/list/293,293,https://whc.unesco.org/en/list/293/gallery,https://whc.unesco.org/uploads/thumbs/site_0293_0001-1200-630-20151104123225.jpg
Baalbek,cultural,https://whc.unesco.org/en/list/294,294,https://whc.unesco.org/en/list/294/gallery,https://whc.unesco.org/uploads/thumbs/site_0294_0007-1200-630-20151104123323.jpg
Byblos,cultural,https://whc.unesco.org/en/list/295,295,https://whc.unesco.org/en/list/295/gallery,https://whc.unesco.org/uploads/thumbs/site_0295_0001-1200-630-20151104123418.jpg
Tyre,cultural,https://whc.unesco.org/en/list/299,299,https://whc.unesco.org/en/list/299/gallery,https://whc.unesco.org/uploads/thumbs/site_0299_0001-1200-630-20151105121227.jpg
Ouadi Qadisha (the Holy Valley) and the Forest of the Cedars of God (Horsh Arz el-Rab),cultural,https://whc.unesco.org/en/list/850,850,https://whc.unesco.org/en/list/850/gallery,https://whc.unesco.org/uploads/thumbs/site_0850_0003-1200-630-20151104123505.jpg
Rachid Karami International Fair-Tripoli,cultural_danger,https://whc.unesco.org/en/list/1702,1702,https://whc.unesco.org/en/list/1702/gallery,https://whc.unesco.org/uploads/thumbs/site_1702_0006-1200-630-20230207093937.jpg
Maloti-Drakensberg Park,mixed,https://whc.unesco.org/en/list/985,985,https://whc.unesco.org/en/list/985/gallery,https://whc.unesco.org/uploads/thumbs/site_0985_0001-1200-630-20130622141940.jpg
Archaeological Site of Cyrene,cultural_danger,https://whc.unesco.org/en/list/190,190,https://whc.unesco.org/en/list/190/gallery,https://whc.unesco.org/uploads/thumbs/site_0190_0001-1200-630-20151105121324.jpg
Archaeological Site of Leptis Magna,cultural_danger,https://whc.unesco.org/en/list/183,183,https://whc.unesco.org/en/list/183/gallery,https://whc.unesco.org/uploads/thumbs/site_0183_0002-1200-630-20151105121756.jpg
Archaeological Site of Sabratha,cultural_danger,https://whc.unesco.org/en/list/184,184,https://whc.unesco.org/en/list/184/gallery,https://whc.unesco.org/uploads/thumbs/site_0184_0009-1200-630-20151105121354.jpg
Rock-Art Sites of Tadrart Acacus,cultural_danger,https://whc.unesco.org/en/list/287,287,https://whc.unesco.org/en/list/287/gallery,https://whc.unesco.org/uploads/thumbs/site_0287_0011-1200-630-20151105121532.jpg
Old Town of Ghadamès,cultural,https://whc.unesco.org/en/list/362,362,https://whc.unesco.org/en/list/362/gallery,https://whc.unesco.org/uploads/thumbs/site_0362_0005-1200-630-20250120125302.jpg
Vilnius Historic Centre,cultural,https://whc.unesco.org/en/list/541,541,https://whc.unesco.org/en/list/541/gallery,https://whc.unesco.org/uploads/thumbs/site_0541_0010-1200-630-20151105121719.jpg
Curonian Spit,cultural,https://whc.unesco.org/en/list/994,994,https://whc.unesco.org/en/list/994/gallery,https://whc.unesco.org/uploads/thumbs/site_0994_0003-1200-630-20130326165835.jpg
Kernavė Archaeological Site (Cultural Reserve of Kernavė),cultural,https://whc.unesco.org/en/list/1137,1137,https://whc.unesco.org/en/list/1137/gallery,https://whc.unesco.org/uploads/thumbs/site_1137_0001-1200-630-20151105121640.jpg
Struve Geodetic Arc,cultural,https://whc.unesco.org/en/list/1187,1187,https://whc.unesco.org/en/list/1187/gallery,https://whc.unesco.org/uploads/thumbs/site_1187_0001-1200-630-20151104154840.jpg
"Modernist Kaunas: Architecture of Optimism, 1919-1939",cultural,https://whc.unesco.org/en/list/1661,1661,https://whc.unesco.org/en/list/1661/gallery,https://whc.unesco.org/uploads/thumbs/site_1661_0012-1200-630-20230530163247.jpg
City of Luxembourg: its Old Quarters and Fortifications,cultural,https://whc.unesco.org/en/list/699,699,https://whc.unesco.org/en/list/699/gallery,https://whc.unesco.org/uploads/thumbs/site_0699_0004-1200-630-20151105121838.jpg
Andrefana Dry Forests,natural,https://whc.unesco.org/en/list/494,494,https://whc.unesco.org/en/list/494/gallery,https://whc.unesco.org/uploads/thumbs/site_0494_0005-1200-630-20221103171027.jpg
Royal Hill of Ambohimanga,cultural,https://whc.unesco.org/en/list/950,950,https://whc.unesco.org/en/list/950/gallery,https://whc.unesco.org/uploads/thumbs/site_0950_0011-1200-630-20130723151949.jpg
Rainforests of the Atsinanana,natural,https://whc.unesco.org/en/list/1257,1257,https://whc.unesco.org/en/list/1257/gallery,https://whc.unesco.org/uploads/thumbs/site_1257_0001-1200-630-20151105121857.jpg
Lake Malawi National Park,natural,https://whc.unesco.org/en/list/289,289,https://whc.unesco.org/en/list/289/gallery,https://whc.unesco.org/uploads/thumbs/site_0289_0007-1200-630-20151105122027.jpg
Chongoni Rock-Art Area,cultural,https://whc.unesco.org/en/list/476,476,https://whc.unesco.org/en/list/476/gallery,https://whc.unesco.org/uploads/thumbs/site_0476_0002-1200-630-20151105122005.jpg
Mount Mulanje Cultural Landscape,cultural,https://whc.unesco.org/en/list/1201,1201,https://whc.unesco.org/en/list/1201/gallery,https://whc.unesco.org/uploads/thumbs/site_1201_0007-1200-630-20250703124133.jpg
Gunung Mulu National Park,natural,https://whc.unesco.org/en/list/1013,1013,https://whc.unesco.org/en/list/1013/gallery,https://whc.unesco.org/uploads/thumbs/site_1013_0004-1200-630-20160819171616.jpg
Kinabalu Park,natural,https://whc.unesco.org/en/list/1012,1012,https://whc.unesco.org/en/list/1012/gallery,https://whc.unesco.org/uploads/thumbs/site_1012_0001-1200-630-20151105122048.jpg
"Melaka and George Town, Historic Cities of the Straits of Malacca",cultural,https://whc.unesco.org/en/list/1223,1223,https://whc.unesco.org/en/list/1223/gallery,https://whc.unesco.org/uploads/thumbs/site_1223_0011-1200-630-20230223105737.jpg
Archaeological Heritage of the Lenggong Valley,cultural,https://whc.unesco.org/en/list/1396,1396,https://whc.unesco.org/en/list/1396/gallery,https://whc.unesco.org/uploads/thumbs/site_1396_0006-1200-630-20221005115548.jpg
The Archaeological Heritage of Niah National Park’s Caves Complex,cultural,https://whc.unesco.org/en/list/1014,1014,https://whc.unesco.org/en/list/1014/gallery,https://whc.unesco.org/uploads/thumbs/site_1014_0001-1200-630-20230704105523.jpg
Forest Research Institute Malaysia Forest Park Selangor,cultural,https://whc.unesco.org/en/list/1734,1734,https://whc.unesco.org/en/list/1734/gallery,https://whc.unesco.org/uploads/thumbs/site_1734_0001-1200-630-20250320173316.jpg
Old Towns of Djenné,cultural_danger,https://whc.unesco.org/en/list/116,116,https://whc.unesco.org/en/list/116/gallery,https://whc.unesco.org/uploads/thumbs/site_0116_0001-1200-630-20061214112408.jpg
Timbuktu,cultural_danger,https://whc.unesco.org/en/list/119,119,https://whc.unesco.org/en/list/119/gallery,https://whc.unesco.org/uploads/thumbs/site_0119_0008-1200-630-20220630153038.jpg
Cliff of Bandiagara (Land of the Dogons),mixed,https://whc.unesco.org/en/list/516,516,https://whc.unesco.org/en/list/516/gallery,https://whc.unesco.org/uploads/thumbs/site_0516_0001-1200-630-20151105122107.jpg
Tomb of Askia,cultural_danger,https://whc.unesco.org/en/list/1139,1139,https://whc.unesco.org/en/list/1139/gallery,https://whc.unesco.org/uploads/thumbs/site_1139_0015-1200-630-20151105122448.jpg
City of Valletta,cultural,https://whc.unesco.org/en/list/131,131,https://whc.unesco.org/en/list/131/gallery,https://whc.unesco.org/uploads/thumbs/site_0131_0054-1200-630-20251002150335.jpg
Ħal Saflieni Hypogeum,cultural,https://whc.unesco.org/en/list/130,130,https://whc.unesco.org/en/list/130/gallery,https://whc.unesco.org/uploads/thumbs/site_0130_0001-1200-630-20090930155303.jpg
Megalithic Temples of Malta,cultural,https://whc.unesco.org/en/list/132,132,https://whc.unesco.org/en/list/132/gallery,https://whc.unesco.org/uploads/thumbs/site_0132_0001-1200-630-20201008160923.jpg
Bikini Atoll Nuclear Test Site,cultural,https://whc.unesco.org/en/list/1339,1339,https://whc.unesco.org/en/list/1339/gallery,https://whc.unesco.org/uploads/thumbs/site_1339_0004-1200-630-20151105122656.jpg
Banc d'Arguin National Park,natural,https://whc.unesco.org/en/list/506,506,https://whc.unesco.org/en/list/506/gallery,https://whc.unesco.org/uploads/thumbs/site_0506_0001-1200-630-20151105122824.jpg
"AncientKsourof Ouadane, Chinguetti, Tichitt and Oualata",cultural,https://whc.unesco.org/en/list/750,750,https://whc.unesco.org/en/list/750/gallery,https://whc.unesco.org/uploads/thumbs/site_0750_0001-1200-630-20151105122717.jpg
Aapravasi Ghat,cultural,https://whc.unesco.org/en/list/1227,1227,https://whc.unesco.org/en/list/1227/gallery,https://whc.unesco.org/uploads/thumbs/site_1227_0001-1200-630-20151105122841.jpg
Le Morne Cultural Landscape,cultural,https://whc.unesco.org/en/list/1259,1259,https://whc.unesco.org/en/list/1259/gallery,https://whc.unesco.org/uploads/thumbs/site_1259_0013-1200-630-20231110115508.jpg
Historic Centre of Mexico City and Xochimilco,cultural,https://whc.unesco.org/en/list/412,412,https://whc.unesco.org/en/list/412/gallery,https://whc.unesco.org/uploads/thumbs/site_0412_0001-1200-630-20091001123325.jpg
Historic Centre of Oaxaca and Archaeological Site of Monte Albán,cultural,https://whc.unesco.org/en/list/415,415,https://whc.unesco.org/en/list/415/gallery,https://whc.unesco.org/uploads/thumbs/site_0415_0001-1200-630-20151105145142.jpg
Historic Centre of Puebla,cultural,https://whc.unesco.org/en/list/416,416,https://whc.unesco.org/en/list/416/gallery,https://whc.unesco.org/uploads/thumbs/site_0416_0001-1200-630-20151105144955.jpg
Pre-Hispanic City and National Park of Palenque,cultural,https://whc.unesco.org/en/list/411,411,https://whc.unesco.org/en/list/411/gallery,https://whc.unesco.org/uploads/thumbs/site_0411_0001-1200-630-20151105145704.jpg
Pre-Hispanic City of Teotihuacan,cultural,https://whc.unesco.org/en/list/414,414,https://whc.unesco.org/en/list/414/gallery,https://whc.unesco.org/uploads/thumbs/site_0414_0001-1200-630-20080528115316.jpg
Sian Ka'an,natural,https://whc.unesco.org/en/list/410,410,https://whc.unesco.org/en/list/410/gallery,https://whc.unesco.org/uploads/thumbs/site_0410_0002-1200-630-20121213144256.jpg
Historic Town of Guanajuato and Adjacent Mines,cultural,https://whc.unesco.org/en/list/482,482,https://whc.unesco.org/en/list/482/gallery,https://whc.unesco.org/uploads/thumbs/site_0482_0001-1200-630-20110920201129.jpg
Pre-Hispanic City of Chichen-Itza,cultural,https://whc.unesco.org/en/list/483,483,https://whc.unesco.org/en/list/483/gallery,https://whc.unesco.org/uploads/thumbs/site_0483_0001-1200-630-20080528123637.jpg
Historic Centre of Morelia,cultural,https://whc.unesco.org/en/list/585,585,https://whc.unesco.org/en/list/585/gallery,https://whc.unesco.org/uploads/thumbs/site_0585_0002-1200-630-20121204115454.jpg
"El Tajin, Pre-Hispanic City",cultural,https://whc.unesco.org/en/list/631,631,https://whc.unesco.org/en/list/631/gallery,https://whc.unesco.org/uploads/thumbs/site_0631_0001-1200-630-20090928170650.jpg
Historic Centre of Zacatecas,cultural,https://whc.unesco.org/en/list/676,676,https://whc.unesco.org/en/list/676/gallery,https://whc.unesco.org/uploads/thumbs/site_0676_0001-1200-630-20090928171726.jpg
Rock Paintings of the Sierra de San Francisco,cultural,https://whc.unesco.org/en/list/714,714,https://whc.unesco.org/en/list/714/gallery,https://whc.unesco.org/uploads/thumbs/site_0714_0001-1200-630-20130625154344.jpg
Whale Sanctuary of El Vizcaino,natural,https://whc.unesco.org/en/list/554,554,https://whc.unesco.org/en/list/554/gallery,https://whc.unesco.org/uploads/thumbs/site_0554_0005-1200-630-20151105145938.jpg
Earliest 16th-Century Monasteries on the Slopes of Popocatepetl,cultural,https://whc.unesco.org/en/list/702,702,https://whc.unesco.org/en/list/702/gallery,https://whc.unesco.org/uploads/thumbs/site_0702_0013-1200-630-20210604180829.jpg
Historic Monuments Zone of Querétaro,cultural,https://whc.unesco.org/en/list/792,792,https://whc.unesco.org/en/list/792/gallery,https://whc.unesco.org/uploads/thumbs/site_0792_0001-1200-630-20110920202513.jpg
Pre-Hispanic Town of Uxmal,cultural,https://whc.unesco.org/en/list/791,791,https://whc.unesco.org/en/list/791/gallery,https://whc.unesco.org/uploads/thumbs/site_0791_0001-1200-630-20110920202502.jpg
"Hospicio Cabañas, Guadalajara",cultural,https://whc.unesco.org/en/list/815,815,https://whc.unesco.org/en/list/815/gallery,https://whc.unesco.org/uploads/thumbs/site_0815_0001-1200-630-20090930172101.jpg
"Archaeological Zone of Paquimé, Casas Grandes",cultural,https://whc.unesco.org/en/list/560,560,https://whc.unesco.org/en/list/560/gallery,https://whc.unesco.org/uploads/thumbs/site_0560_0001-1200-630-20151105144726.jpg
Historic Monuments Zone of Tlacotalpan,cultural,https://whc.unesco.org/en/list/862,862,https://whc.unesco.org/en/list/862/gallery,https://whc.unesco.org/uploads/thumbs/site_0862_0013-1200-630-20140710153227.jpg
Archaeological Monuments Zone of Xochicalco,cultural,https://whc.unesco.org/en/list/939,939,https://whc.unesco.org/en/list/939/gallery,https://whc.unesco.org/uploads/thumbs/site_0939_0001-1200-630-20091001202019.jpg
Historic Fortified Town of Campeche,cultural,https://whc.unesco.org/en/list/895,895,https://whc.unesco.org/en/list/895/gallery,https://whc.unesco.org/uploads/thumbs/site_0895_0018-1200-630-20151105145226.jpg
"Ancient Maya City and Protected Tropical Forests of Calakmul, Campeche",mixed,https://whc.unesco.org/en/list/1061,1061,https://whc.unesco.org/en/list/1061/gallery,https://whc.unesco.org/uploads/thumbs/site_1061_0007-1200-630-20140622105009.jpg
Franciscan Missions in the Sierra Gorda of Querétaro,cultural,https://whc.unesco.org/en/list/1079,1079,https://whc.unesco.org/en/list/1079/gallery,https://whc.unesco.org/uploads/thumbs/site_1079_0001-1200-630-20121204122534.jpg
Luis Barragán House and Studio,cultural,https://whc.unesco.org/en/list/1136,1136,https://whc.unesco.org/en/list/1136/gallery,https://whc.unesco.org/uploads/thumbs/site_1136_0001-1200-630-20151105145404.jpg
Islands and Protected Areas of the Gulf of California,natural_danger,https://whc.unesco.org/en/list/1182,1182,https://whc.unesco.org/en/list/1182/gallery,https://whc.unesco.org/uploads/thumbs/site_1182_0009-1200-630-20151105145313.jpg
Agave Landscape and Ancient Industrial Facilities of Tequila,cultural,https://whc.unesco.org/en/list/1209,1209,https://whc.unesco.org/en/list/1209/gallery,https://whc.unesco.org/uploads/thumbs/site_1209_0001-1200-630-20150529101246.jpg
Central University City Campus of theUniversidad Nacional Autónoma de México(UNAM),cultural,https://whc.unesco.org/en/list/1250,1250,https://whc.unesco.org/en/list/1250/gallery,https://whc.unesco.org/uploads/thumbs/site_1250_0026-1200-630-20151105144850.jpg
Monarch Butterfly Biosphere Reserve,natural,https://whc.unesco.org/en/list/1290,1290,https://whc.unesco.org/en/list/1290/gallery,https://whc.unesco.org/uploads/thumbs/site_1290_0015-1200-630-20231020132425.jpg
Protective town of San Miguel and the Sanctuary of Jesús Nazareno de Atotonilco,cultural,https://whc.unesco.org/en/list/1274,1274,https://whc.unesco.org/en/list/1274/gallery,https://whc.unesco.org/uploads/thumbs/site_1274_0016-1200-630-20231020130234.jpg
Camino Real de Tierra Adentro,cultural,https://whc.unesco.org/en/list/1351,1351,https://whc.unesco.org/en/list/1351/gallery,https://whc.unesco.org/uploads/thumbs/site_1351_0008-1200-630-20230221161218.jpg
Prehistoric Caves of Yagul and Mitla in the Central Valley of Oaxaca,cultural,https://whc.unesco.org/en/list/1352,1352,https://whc.unesco.org/en/list/1352/gallery,https://whc.unesco.org/uploads/thumbs/site_1352_0005-1200-630-20230110083426.jpg
El Pinacate and Gran Desierto de Altar Biosphere Reserve,natural,https://whc.unesco.org/en/list/1410,1410,https://whc.unesco.org/en/list/1410/gallery,https://whc.unesco.org/uploads/thumbs/site_1410_0002-1200-630-20151105144855.jpg
Aqueduct of Padre Tembleque Hydraulic System,cultural,https://whc.unesco.org/en/list/1463,1463,https://whc.unesco.org/en/list/1463/gallery,https://whc.unesco.org/uploads/thumbs/site_1463_0007-1200-630-20150610142312.jpg
Archipiélago de Revillagigedo,natural,https://whc.unesco.org/en/list/1510,1510,https://whc.unesco.org/en/list/1510/gallery,https://whc.unesco.org/uploads/thumbs/site_1510_0006-1200-630-20220208175246.jpg
Tehuacán-Cuicatlán Valley: originary habitat of Mesoamerica,mixed,https://whc.unesco.org/en/list/1534,1534,https://whc.unesco.org/en/list/1534/gallery,https://whc.unesco.org/uploads/thumbs/site_1534_0032-1200-630-20180222103111.jpg
Wixárika Route through Sacred Sites to Wirikuta (Tatehuarí Huajuyé),cultural,https://whc.unesco.org/en/list/1704,1704,https://whc.unesco.org/en/list/1704/gallery,https://whc.unesco.org/uploads/thumbs/site_1704_0011-1200-630-20250616162541.jpg
Nan Madol: Ceremonial Centre of Eastern Micronesia,cultural_danger,https://whc.unesco.org/en/list/1503,1503,https://whc.unesco.org/en/list/1503/gallery,https://whc.unesco.org/uploads/thumbs/site_1503_0007-1200-630-20230113163358.jpg
Uvs Nuur Basin,natural,https://whc.unesco.org/en/list/769,769,https://whc.unesco.org/en/list/769/gallery,https://whc.unesco.org/uploads/thumbs/site_0769_0015-1200-630-20241030142427.jpg
Orkhon Valley Cultural Landscape,cultural,https://whc.unesco.org/en/list/1081,1081,https://whc.unesco.org/en/list/1081/gallery,https://whc.unesco.org/uploads/thumbs/site_1081_0045-1200-630-20241104171915.jpg
Petroglyphic Complexes of the Mongolian Altai,cultural,https://whc.unesco.org/en/list/1382,1382,https://whc.unesco.org/en/list/1382/gallery,https://whc.unesco.org/uploads/thumbs/site_1382_0004-1200-630-20241030141201.jpg
Great Burkhan Khaldun Mountain and its surrounding sacred landscape,cultural,https://whc.unesco.org/en/list/1440,1440,https://whc.unesco.org/en/list/1440/gallery,https://whc.unesco.org/uploads/thumbs/site_1440_0006-1200-630-20150610153845.jpg
Landscapes of Dauria,natural,https://whc.unesco.org/en/list/1448,1448,https://whc.unesco.org/en/list/1448/gallery,https://whc.unesco.org/uploads/thumbs/site_1448_0027-1200-630-20221005174310.jpg
Deer Stone Monuments and Related Bronze Age Sites,cultural,https://whc.unesco.org/en/list/1621,1621,https://whc.unesco.org/en/list/1621/gallery,https://whc.unesco.org/uploads/thumbs/site_1621_0016-1200-630-20221115163215.jpg
Natural and Culturo-Historical Region of Kotor,cultural,https://whc.unesco.org/en/list/125,125,https://whc.unesco.org/en/list/125/gallery,https://whc.unesco.org/uploads/thumbs/site_0125_0025-1200-630-20151105143925.jpg
Durmitor National Park,natural,https://whc.unesco.org/en/list/100,100,https://whc.unesco.org/en/list/100/gallery,https://whc.unesco.org/uploads/thumbs/site_0100_0023-1200-630-20250901103854.jpg
Stećci Medieval Tombstone Graveyards,cultural,https://whc.unesco.org/en/list/1504,1504,https://whc.unesco.org/en/list/1504/gallery,https://whc.unesco.org/uploads/thumbs/site_1504_0033-1200-630-20251202101223.jpg
Venetian Works of Defence between the 16th and 17th Centuries:Stato da Terra– WesternStato da Mar,cultural,https://whc.unesco.org/en/list/1533,1533,https://whc.unesco.org/en/list/1533/gallery,https://whc.unesco.org/uploads/thumbs/site_1533_0001-1200-630-20230109203151.jpg
Medina of Fez,cultural,https://whc.unesco.org/en/list/170,170,https://whc.unesco.org/en/list/170/gallery,https://whc.unesco.org/uploads/thumbs/site_0170_0001-1200-630-20090918111021.jpg
Medina of Marrakesh,cultural,https://whc.unesco.org/en/list/331,331,https://whc.unesco.org/en/list/331/gallery,https://whc.unesco.org/uploads/thumbs/site_0331_0007-1200-630-20151105144454.jpg
Ksar of Ait-Ben-Haddou,cultural,https://whc.unesco.org/en/list/444,444,https://whc.unesco.org/en/list/444/gallery,https://whc.unesco.org/uploads/thumbs/site_0444_0001-1200-630-20151105144227.jpg
Historic City of Meknes,cultural,https://whc.unesco.org/en/list/793,793,https://whc.unesco.org/en/list/793/gallery,https://whc.unesco.org/uploads/thumbs/site_0793_0001-1200-630-20151105144158.jpg
Archaeological Site of Volubilis,cultural,https://whc.unesco.org/en/list/836,836,https://whc.unesco.org/en/list/836/gallery,https://whc.unesco.org/uploads/thumbs/site_0836_0001-1200-630-20090923122847.jpg
Medina of Tétouan (formerly known as Titawin),cultural,https://whc.unesco.org/en/list/837,837,https://whc.unesco.org/en/list/837/gallery,https://whc.unesco.org/uploads/thumbs/site_0837_0001-1200-630-20091006103317.jpg
Medina of Essaouira (formerly Mogador),cultural,https://whc.unesco.org/en/list/753,753,https://whc.unesco.org/en/list/753/gallery,https://whc.unesco.org/uploads/thumbs/site_0753_0016-1200-630-20151105144323.jpg
Portuguese City of Mazagan (El Jadida),cultural,https://whc.unesco.org/en/list/1058,1058,https://whc.unesco.org/en/list/1058/gallery,https://whc.unesco.org/uploads/thumbs/site_1058_0027-1200-630-20151105150043.jpg
"Rabat, Modern Capital and Historic City: a Shared Heritage",cultural,https://whc.unesco.org/en/list/1401,1401,https://whc.unesco.org/en/list/1401/gallery,https://whc.unesco.org/uploads/thumbs/site_1401_0001-1200-630-20221005121451.jpg
Island of Mozambique,cultural,https://whc.unesco.org/en/list/599,599,https://whc.unesco.org/en/list/599/gallery,https://whc.unesco.org/uploads/thumbs/site_0599_0020-1200-630-20130723114048.jpg
iSimangaliso Wetland Park – Maputo National Park,natural,https://whc.unesco.org/en/list/914,914,https://whc.unesco.org/en/list/914/gallery,https://whc.unesco.org/uploads/thumbs/site_0914_0024-1200-630-20250713111338.jpg
Pyu Ancient Cities,cultural,https://whc.unesco.org/en/list/1444,1444,https://whc.unesco.org/en/list/1444/gallery,https://whc.unesco.org/uploads/thumbs/site_1444_0031-1200-630-20221005115053.jpg
Bagan,cultural,https://whc.unesco.org/en/list/1588,1588,https://whc.unesco.org/en/list/1588/gallery,https://whc.unesco.org/uploads/thumbs/site_1588_0001-1200-630-20180525164423.jpg
Twyfelfontein or /Ui-//aes,cultural,https://whc.unesco.org/en/list/1255,1255,https://whc.unesco.org/en/list/1255/gallery,https://whc.unesco.org/uploads/thumbs/site_1255_0001-1200-630-20151105150318.jpg
Namib Sand Sea,natural,https://whc.unesco.org/en/list/1430,1430,https://whc.unesco.org/en/list/1430/gallery,https://whc.unesco.org/uploads/thumbs/site_1430_0010-1200-630-20221005163540.jpg
Kathmandu Valley,cultural,https://whc.unesco.org/en/list/121,121,https://whc.unesco.org/en/list/121/gallery,https://whc.unesco.org/uploads/thumbs/site_0121_0016-1200-630-20151105150405.jpg
Sagarmatha National Park,natural,https://whc.unesco.org/en/list/120,120,https://whc.unesco.org/en/list/120/gallery,https://whc.unesco.org/uploads/thumbs/site_0120_0001-1200-630-20151105151028.jpg
Chitwan National Park,natural,https://whc.unesco.org/en/list/284,284,https://whc.unesco.org/en/list/284/gallery,https://whc.unesco.org/uploads/thumbs/site_0284_0001-1200-630-20151105150343.jpg
"Lumbini, the Birthplace of the Lord Buddha",cultural,https://whc.unesco.org/en/list/666,666,https://whc.unesco.org/en/list/666/gallery,https://whc.unesco.org/uploads/thumbs/site_0666_0001-1200-630-20120922112601.jpg
Schokland and Surroundings,cultural,https://whc.unesco.org/en/list/739,739,https://whc.unesco.org/en/list/739/gallery,https://whc.unesco.org/uploads/thumbs/site_0739_0001-1200-630-20090929114517.jpg
Dutch Water Defence Lines,cultural,https://whc.unesco.org/en/list/759,759,https://whc.unesco.org/en/list/759/gallery,https://whc.unesco.org/uploads/thumbs/site_0759_0009-1200-630-20210604180724.jpg
"Historic Area of Willemstad, Inner City and Harbour, Curaçao",cultural,https://whc.unesco.org/en/list/819,819,https://whc.unesco.org/en/list/819/gallery,https://whc.unesco.org/uploads/thumbs/site_0819_0001-1200-630-20141212095118.jpg
Mill Network at Kinderdijk-Elshout,cultural,https://whc.unesco.org/en/list/818,818,https://whc.unesco.org/en/list/818/gallery,https://whc.unesco.org/uploads/thumbs/site_0818_0006-1200-630-20150518200215.jpg
Ir.D.F. Woudagemaal (D.F. Wouda Steam Pumping Station),cultural,https://whc.unesco.org/en/list/867,867,https://whc.unesco.org/en/list/867/gallery,https://whc.unesco.org/uploads/thumbs/site_0867_0001-1200-630-20090922141932.jpg
Droogmakerij de Beemster (Beemster Polder),cultural,https://whc.unesco.org/en/list/899,899,https://whc.unesco.org/en/list/899/gallery,https://whc.unesco.org/uploads/thumbs/site_0899_0001-1200-630-20090922142742.jpg
Rietveld Schröderhuis (Rietveld Schröder House),cultural,https://whc.unesco.org/en/list/965,965,https://whc.unesco.org/en/list/965/gallery,https://whc.unesco.org/uploads/thumbs/site_0965_0001-1200-630-20090922143811.jpg
Wadden Sea,natural,https://whc.unesco.org/en/list/1314,1314,https://whc.unesco.org/en/list/1314/gallery,https://whc.unesco.org/uploads/thumbs/site_1314_0002-1200-630-20260121174935.jpg
Seventeenth-Century Canal Ring Area of Amsterdam inside the Singelgracht,cultural,https://whc.unesco.org/en/list/1349,1349,https://whc.unesco.org/en/list/1349/gallery,https://whc.unesco.org/uploads/thumbs/site_1349_0002-1200-630-20100730121627.jpg
Van Nellefabriek,cultural,https://whc.unesco.org/en/list/1441,1441,https://whc.unesco.org/en/list/1441/gallery,https://whc.unesco.org/uploads/thumbs/site_1441_0007-1200-630-20140622074147.jpg
Colonies of Benevolence,cultural,https://whc.unesco.org/en/list/1555,1555,https://whc.unesco.org/en/list/1555/gallery,https://whc.unesco.org/uploads/thumbs/site_1555_0002-1200-630-20221125093804.jpg
Frontiers of the Roman Empire – The Lower German Limes,cultural,https://whc.unesco.org/en/list/1631,1631,https://whc.unesco.org/en/list/1631/gallery,https://whc.unesco.org/uploads/thumbs/site_1631_0013-1200-630-20241104123549.jpg
Eisinga Planetarium in Franeker,cultural,https://whc.unesco.org/en/list/1683,1683,https://whc.unesco.org/en/list/1683/gallery,https://whc.unesco.org/uploads/thumbs/site_1683_0003-1200-630-20231020100715.jpg
Te Wahipounamu – South West New Zealand,natural,https://whc.unesco.org/en/list/551,551,https://whc.unesco.org/en/list/551/gallery,https://whc.unesco.org/uploads/thumbs/site_0551_0020-1200-630-20151105150605.jpg
Tongariro National Park,mixed,https://whc.unesco.org/en/list/421,421,https://whc.unesco.org/en/list/421/gallery,https://whc.unesco.org/uploads/thumbs/site_0421_0001-1200-630-20151105150617.jpg
New Zealand Sub-Antarctic Islands,natural,https://whc.unesco.org/en/list/877,877,https://whc.unesco.org/en/list/877/gallery,https://whc.unesco.org/uploads/thumbs/site_0877_0001-1200-630-20110920203312.jpg
Ruins of León Viejo,cultural,https://whc.unesco.org/en/list/613,613,https://whc.unesco.org/en/list/613/gallery,https://whc.unesco.org/uploads/thumbs/site_0613_0007-1200-630-20140623122739.jpg
León Cathedral,cultural,https://whc.unesco.org/en/list/1236,1236,https://whc.unesco.org/en/list/1236/gallery,https://whc.unesco.org/uploads/thumbs/site_1236_0002-1200-630-20121204142014.jpg
Air and Ténéré Natural Reserves,natural_danger,https://whc.unesco.org/en/list/573,573,https://whc.unesco.org/en/list/573/gallery,https://whc.unesco.org/uploads/thumbs/site_0573_0001-1200-630-20091005134412.jpg
W-Arly-Pendjari Complex,natural,https://whc.unesco.org/en/list/749,749,https://whc.unesco.org/en/list/749/gallery,https://whc.unesco.org/uploads/thumbs/site_0749_0007-1200-630-20170607180434.jpg
Historic Centre of Agadez,cultural,https://whc.unesco.org/en/list/1268,1268,https://whc.unesco.org/en/list/1268/gallery,https://whc.unesco.org/uploads/thumbs/site_1268_0002-1200-630-20230125170442.jpg
Sukur Cultural Landscape,cultural,https://whc.unesco.org/en/list/938,938,https://whc.unesco.org/en/list/938/gallery,
Osun-Osogbo Sacred Grove,cultural,https://whc.unesco.org/en/list/1118,1118,https://whc.unesco.org/en/list/1118/gallery,https://whc.unesco.org/uploads/thumbs/site_1118_0009-1200-630-20121213164740.jpg
Natural and Cultural Heritage of the Ohrid region,mixed,https://whc.unesco.org/en/list/99,99,https://whc.unesco.org/en/list/99/gallery,https://whc.unesco.org/uploads/thumbs/site_0099_0001-1200-630-20251023153858.jpg
Ancient and Primeval Beech Forests of the Carpathians and Other Regions of Europe,natural,https://whc.unesco.org/en/list/1133,1133,https://whc.unesco.org/en/list/1133/gallery,https://whc.unesco.org/uploads/thumbs/site_1133_0076-1200-630-20251103122935.jpg
Bryggen,cultural,https://whc.unesco.org/en/list/59,59,https://whc.unesco.org/en/list/59/gallery,https://whc.unesco.org/uploads/thumbs/site_0059_0001-1200-630-20090914151456.jpg
Urnes Stave Church,cultural,https://whc.unesco.org/en/list/58,58,https://whc.unesco.org/en/list/58/gallery,https://whc.unesco.org/uploads/thumbs/site_0058_0007-1200-630-20160810112711.jpg
Røros Mining Town and the Circumference,cultural,https://whc.unesco.org/en/list/55,55,https://whc.unesco.org/en/list/55/gallery,https://whc.unesco.org/uploads/thumbs/site_0055_0003-1200-630-20151105150657.jpg
Rock Art of Alta,cultural,https://whc.unesco.org/en/list/352,352,https://whc.unesco.org/en/list/352/gallery,https://whc.unesco.org/uploads/thumbs/site_0352_0001-1200-630-20151105150631.jpg
Vegaøyan – The Vega Archipelago,cultural,https://whc.unesco.org/en/list/1143,1143,https://whc.unesco.org/en/list/1143/gallery,https://whc.unesco.org/uploads/thumbs/site_1143_0001-1200-630-20151105150758.jpg
Struve Geodetic Arc,cultural,https://whc.unesco.org/en/list/1187,1187,https://whc.unesco.org/en/list/1187/gallery,https://whc.unesco.org/uploads/thumbs/site_1187_0001-1200-630-20151104154840.jpg
West Norwegian Fjords – Geirangerfjord and Nærøyfjord,natural,https://whc.unesco.org/en/list/1195,1195,https://whc.unesco.org/en/list/1195/gallery,https://whc.unesco.org/uploads/thumbs/site_1195_0014-1200-630-20151105151059.jpg
Rjukan-Notodden Industrial Heritage Site,cultural,https://whc.unesco.org/en/list/1486,1486,https://whc.unesco.org/en/list/1486/gallery,https://whc.unesco.org/uploads/thumbs/site_1486_0006-1200-630-20221003171324.jpg
Bahla Fort,cultural,https://whc.unesco.org/en/list/433,433,https://whc.unesco.org/en/list/433/gallery,https://whc.unesco.org/uploads/thumbs/site_0433_0018-1200-630-20151104123656.jpg
"Archaeological Sites of Bat, Al-Khutm and Al-Ayn",cultural,https://whc.unesco.org/en/list/434,434,https://whc.unesco.org/en/list/434/gallery,https://whc.unesco.org/uploads/thumbs/site_0434_0001-1200-630-20240617092846.jpg
Arabian Oryx Sanctuary,natural,https://whc.unesco.org/en/list/654,654,https://whc.unesco.org/en/list/654/gallery,https://whc.unesco.org/uploads/thumbs/site_0654_0003-1200-630-20151105151212.jpg
Land of Frankincense,cultural,https://whc.unesco.org/en/list/1010,1010,https://whc.unesco.org/en/list/1010/gallery,https://whc.unesco.org/uploads/thumbs/site_1010_0001-1200-630-20151105152048.jpg
AflajIrrigation Systems of Oman,cultural,https://whc.unesco.org/en/list/1207,1207,https://whc.unesco.org/en/list/1207/gallery,https://whc.unesco.org/uploads/thumbs/site_1207_0011-1200-630-20151105150922.jpg
Ancient City of Qalhat,cultural,https://whc.unesco.org/en/list/1537,1537,https://whc.unesco.org/en/list/1537/gallery,https://whc.unesco.org/uploads/thumbs/site_1537_0001-1200-630-20180514162920.jpg
Archaeological Ruins at Moenjodaro,cultural,https://whc.unesco.org/en/list/138,138,https://whc.unesco.org/en/list/138/gallery,https://whc.unesco.org/uploads/thumbs/site_0138_0001-1200-630-20151105151254.jpg
Buddhist Ruins of Takht-i-Bahi and Neighbouring City Remains at Sahr-i-Bahlol,cultural,https://whc.unesco.org/en/list/140,140,https://whc.unesco.org/en/list/140/gallery,
Taxila,cultural,https://whc.unesco.org/en/list/139,139,https://whc.unesco.org/en/list/139/gallery,https://whc.unesco.org/uploads/thumbs/site_0139_0001-1200-630-20130801163450.jpg
Fort and Shalamar Gardens in Lahore,cultural,https://whc.unesco.org/en/list/171,171,https://whc.unesco.org/en/list/171/gallery,https://whc.unesco.org/uploads/thumbs/site_0171_0013-1200-630-20230510151028.jpg
"Historical Monuments at Makli, Thatta",cultural,https://whc.unesco.org/en/list/143,143,https://whc.unesco.org/en/list/143/gallery,https://whc.unesco.org/uploads/thumbs/site_0143_0001-1200-630-20080506170639.jpg
Rohtas Fort,cultural,https://whc.unesco.org/en/list/586,586,https://whc.unesco.org/en/list/586/gallery,https://whc.unesco.org/uploads/thumbs/site_0586_0001-1200-630-20090922160830.jpg
Rock Islands Southern Lagoon,mixed,https://whc.unesco.org/en/list/1386,1386,https://whc.unesco.org/en/list/1386/gallery,https://whc.unesco.org/uploads/thumbs/site_1386_0005-1200-630-20230405112620.jpg
Fortifications on the Caribbean Side of Panama: Portobelo-San Lorenzo,cultural_danger,https://whc.unesco.org/en/list/135,135,https://whc.unesco.org/en/list/135/gallery,https://whc.unesco.org/uploads/thumbs/site_0135_0001-1200-630-20151105151442.jpg
Darien National Park,natural,https://whc.unesco.org/en/list/159,159,https://whc.unesco.org/en/list/159/gallery,https://whc.unesco.org/uploads/thumbs/site_0159_0002-1200-630-20151105151403.jpg
Talamanca Range-La Amistad Reserves / La Amistad National Park,natural,https://whc.unesco.org/en/list/205,205,https://whc.unesco.org/en/list/205/gallery,https://whc.unesco.org/uploads/thumbs/site_0205_0002-1200-630-20151104121811.jpg
Coiba National Park and its Special Zone of Marine Protection,natural,https://whc.unesco.org/en/list/1138,1138,https://whc.unesco.org/en/list/1138/gallery,https://whc.unesco.org/uploads/thumbs/site_1138_0001-1200-630-20151126161220.jpg
The Colonial Transisthmian Route of Panamá,cultural,https://whc.unesco.org/en/list/1582,1582,https://whc.unesco.org/en/list/1582/gallery,https://whc.unesco.org/uploads/thumbs/site_1582_0010-1200-630-20250617160237.jpg
Kuk Early Agricultural Site,cultural,https://whc.unesco.org/en/list/887,887,https://whc.unesco.org/en/list/887/gallery,https://whc.unesco.org/uploads/thumbs/site_0887_0008-1200-630-20231018165439.jpg
Jesuit Missions of La Santísima Trinidad de Paraná and Jesús de Tavarangue,cultural,https://whc.unesco.org/en/list/648,648,https://whc.unesco.org/en/list/648/gallery,https://whc.unesco.org/uploads/thumbs/site_0648_0001-1200-630-20091005135745.jpg
City of Cuzco,cultural,https://whc.unesco.org/en/list/273,273,https://whc.unesco.org/en/list/273/gallery,https://whc.unesco.org/uploads/thumbs/site_0273_0026-1200-630-20251203131226.jpg
Historic Sanctuary of Machu Picchu,mixed,https://whc.unesco.org/en/list/274,274,https://whc.unesco.org/en/list/274/gallery,https://whc.unesco.org/uploads/thumbs/site_0274_0045-1200-630-20251203131306.jpg
Chavin (Archaeological Site),cultural,https://whc.unesco.org/en/list/330,330,https://whc.unesco.org/en/list/330/gallery,https://whc.unesco.org/uploads/thumbs/site_0330_0002-1200-630-20251203131338.jpg
Huascarán National Park,natural,https://whc.unesco.org/en/list/333,333,https://whc.unesco.org/en/list/333/gallery,https://whc.unesco.org/uploads/thumbs/site_0333_0002-1200-630-20251203172355.jpg
Chan Chan Archaeological Zone,cultural_danger,https://whc.unesco.org/en/list/366,366,https://whc.unesco.org/en/list/366/gallery,https://whc.unesco.org/uploads/thumbs/site_0366_0023-1200-630-20251203172444.jpg
Manú National Park,natural,https://whc.unesco.org/en/list/402,402,https://whc.unesco.org/en/list/402/gallery,https://whc.unesco.org/uploads/thumbs/site_0402_0004-1200-630-20130906155837.jpg
Historic Centre of Lima,cultural,https://whc.unesco.org/en/list/500,500,https://whc.unesco.org/en/list/500/gallery,https://whc.unesco.org/uploads/thumbs/site_0500_0011-1200-630-20151105151550.jpg
Río Abiseo National Park,mixed,https://whc.unesco.org/en/list/548,548,https://whc.unesco.org/en/list/548/gallery,https://whc.unesco.org/uploads/thumbs/site_0548_0002-1200-630-20241107162546.jpg
Lines and Geoglyphs of Nasca and Palpa,cultural,https://whc.unesco.org/en/list/700,700,https://whc.unesco.org/en/list/700/gallery,https://whc.unesco.org/uploads/thumbs/site_0700_0023-1200-630-20251211170858.jpg
Historical Centre of the City of Arequipa,cultural,https://whc.unesco.org/en/list/1016,1016,https://whc.unesco.org/en/list/1016/gallery,https://whc.unesco.org/uploads/thumbs/site_1016_0014-1200-630-20251211170946.jpg
Sacred City of Caral-Supe,cultural,https://whc.unesco.org/en/list/1269,1269,https://whc.unesco.org/en/list/1269/gallery,https://whc.unesco.org/uploads/thumbs/site_1269_0014-1200-630-20251212093921.jpg
"Qhapaq Ñan, Andean Road System",cultural,https://whc.unesco.org/en/list/1459,1459,https://whc.unesco.org/en/list/1459/gallery,https://whc.unesco.org/uploads/thumbs/site_1459_0020-1200-630-20170322164215.jpg
Chankillo Archaeoastronomical Complex,cultural,https://whc.unesco.org/en/list/1624,1624,https://whc.unesco.org/en/list/1624/gallery,https://whc.unesco.org/uploads/thumbs/site_1624_0006-1200-630-20190321115820.jpg
Baroque Churches of the Philippines,cultural,https://whc.unesco.org/en/list/677,677,https://whc.unesco.org/en/list/677/gallery,https://whc.unesco.org/uploads/thumbs/site_0677_0030-1200-630-20251121113328.jpg
Tubbataha Reefs Natural Park,natural,https://whc.unesco.org/en/list/653,653,https://whc.unesco.org/en/list/653/gallery,https://whc.unesco.org/uploads/thumbs/site_0653_0001-1200-630-20151105151756.jpg
Rice Terraces of the Philippine Cordilleras,cultural,https://whc.unesco.org/en/list/722,722,https://whc.unesco.org/en/list/722/gallery,https://whc.unesco.org/uploads/thumbs/site_0722_0002-1200-630-20151105152106.jpg
Historic City of Vigan,cultural,https://whc.unesco.org/en/list/502,502,https://whc.unesco.org/en/list/502/gallery,https://whc.unesco.org/uploads/thumbs/site_0502_0008-1200-630-20140415173651.jpg
Puerto-Princesa Subterranean River National Park,natural,https://whc.unesco.org/en/list/652,652,https://whc.unesco.org/en/list/652/gallery,https://whc.unesco.org/uploads/thumbs/site_0652_0001-1200-630-20151105151728.jpg
Mount Hamiguitan Range Wildlife Sanctuary,natural,https://whc.unesco.org/en/list/1403,1403,https://whc.unesco.org/en/list/1403/gallery,https://whc.unesco.org/uploads/thumbs/site_1403_0007-1200-630-20220930155131.jpg
Historic Centre of Kraków,cultural,https://whc.unesco.org/en/list/29,29,https://whc.unesco.org/en/list/29/gallery,https://whc.unesco.org/uploads/thumbs/site_0029_0019-1200-630-20151105151946.jpg
Wieliczka and Bochnia Royal Salt Mines,cultural,https://whc.unesco.org/en/list/32,32,https://whc.unesco.org/en/list/32/gallery,https://whc.unesco.org/uploads/thumbs/site_0032_0024-1200-630-20160810112618.jpg
Auschwitz BirkenauGerman Nazi Concentration and Extermination Camp (1940-1945),cultural,https://whc.unesco.org/en/list/31,31,https://whc.unesco.org/en/list/31/gallery,https://whc.unesco.org/uploads/thumbs/site_0031_0009-1200-630-20120809180203.jpg
Białowieża Forest,natural,https://whc.unesco.org/en/list/33,33,https://whc.unesco.org/en/list/33/gallery,https://whc.unesco.org/uploads/thumbs/site_0033_0007-1200-630-20260219151705.jpg
Historic Centre of Warsaw,cultural,https://whc.unesco.org/en/list/30,30,https://whc.unesco.org/en/list/30/gallery,https://whc.unesco.org/uploads/thumbs/site_0030_0008-1200-630-20160810112616.jpg
Old City of Zamość,cultural,https://whc.unesco.org/en/list/564,564,https://whc.unesco.org/en/list/564/gallery,https://whc.unesco.org/uploads/thumbs/site_0564_0003-1200-630-20140415104947.jpg
Castle of the Teutonic Order in Malbork,cultural,https://whc.unesco.org/en/list/847,847,https://whc.unesco.org/en/list/847/gallery,https://whc.unesco.org/uploads/thumbs/site_0847_0030-1200-630-20151105151921.jpg
Medieval Town of Toruń,cultural,https://whc.unesco.org/en/list/835,835,https://whc.unesco.org/en/list/835/gallery,https://whc.unesco.org/uploads/thumbs/site_0835_0010-1200-630-20130715144349.jpg
Kalwaria Zebrzydowska: the Mannerist Architectural and Park Landscape Complex and Pilgrimage Park,cultural,https://whc.unesco.org/en/list/905,905,https://whc.unesco.org/en/list/905/gallery,https://whc.unesco.org/uploads/thumbs/site_0905_0001-1200-630-20151105152003.jpg
Churches of Peace in Jawor and Świdnica,cultural,https://whc.unesco.org/en/list/1054,1054,https://whc.unesco.org/en/list/1054/gallery,https://whc.unesco.org/uploads/thumbs/site_1054_0002-1200-630-20140415105357.jpg
Wooden Churches of Southern Małopolska,cultural,https://whc.unesco.org/en/list/1053,1053,https://whc.unesco.org/en/list/1053/gallery,https://whc.unesco.org/uploads/thumbs/site_1053_0016-1200-630-20130715153817.jpg
Muskauer Park / Park Mużakowski,cultural,https://whc.unesco.org/en/list/1127,1127,https://whc.unesco.org/en/list/1127/gallery,https://whc.unesco.org/uploads/thumbs/site_1127_0017-1200-630-20260121121819.jpg
Centennial Hall in Wrocław,cultural,https://whc.unesco.org/en/list/1165,1165,https://whc.unesco.org/en/list/1165/gallery,https://whc.unesco.org/uploads/thumbs/site_1165_0007-1200-630-20151104123952.jpg
Ancient and Primeval Beech Forests of the Carpathians and Other Regions of Europe,natural,https://whc.unesco.org/en/list/1133,1133,https://whc.unesco.org/en/list/1133/gallery,https://whc.unesco.org/uploads/thumbs/site_1133_0076-1200-630-20251103122935.jpg
WoodenTserkvasof the Carpathian Region in Poland and Ukraine,cultural,https://whc.unesco.org/en/list/1424,1424,https://whc.unesco.org/en/list/1424/gallery,https://whc.unesco.org/uploads/thumbs/site_1424_0018-1200-630-20241211163741.jpg
Tarnowskie Góry Lead-Silver-Zinc Mine and its Underground Water Management System,cultural,https://whc.unesco.org/en/list/1539,1539,https://whc.unesco.org/en/list/1539/gallery,https://whc.unesco.org/uploads/thumbs/site_1539_0001-1200-630-20220303162810.jpg
Krzemionki Prehistoric Striped Flint Mining Region,cultural,https://whc.unesco.org/en/list/1599,1599,https://whc.unesco.org/en/list/1599/gallery,https://whc.unesco.org/uploads/thumbs/site_1599_0005-1200-630-20221006115234.jpg
Central Zone of the Town of Angra do Heroismo in the Azores,cultural,https://whc.unesco.org/en/list/206,206,https://whc.unesco.org/en/list/206/gallery,https://whc.unesco.org/uploads/thumbs/site_0206_0001-1200-630-20091001205630.jpg
Convent of Christ in Tomar,cultural,https://whc.unesco.org/en/list/265,265,https://whc.unesco.org/en/list/265/gallery,https://whc.unesco.org/uploads/thumbs/site_0265_0001-1200-630-20151104161719.jpg
Monastery of Batalha,cultural,https://whc.unesco.org/en/list/264,264,https://whc.unesco.org/en/list/264/gallery,https://whc.unesco.org/uploads/thumbs/site_0264_0001-1200-630-20151104161252.jpg
Monastery of the Hieronymites and Tower of Belém in Lisbon,cultural,https://whc.unesco.org/en/list/263,263,https://whc.unesco.org/en/list/263/gallery,https://whc.unesco.org/uploads/thumbs/site_0263_0004-1200-630-20151104162158.jpg
Historic Centre of Évora,cultural,https://whc.unesco.org/en/list/361,361,https://whc.unesco.org/en/list/361/gallery,https://whc.unesco.org/uploads/thumbs/site_0361_0016-1200-630-20151104161636.jpg
Monastery of Alcobaça,cultural,https://whc.unesco.org/en/list/505,505,https://whc.unesco.org/en/list/505/gallery,https://whc.unesco.org/uploads/thumbs/site_0505_0001-1200-630-20151104161324.jpg
Cultural Landscape of Sintra,cultural,https://whc.unesco.org/en/list/723,723,https://whc.unesco.org/en/list/723/gallery,https://whc.unesco.org/uploads/thumbs/site_0723_0001-1200-630-20151104161648.jpg
"Historic Centre of Oporto, Luiz I Bridge and Monastery of Serra do Pilar",cultural,https://whc.unesco.org/en/list/755,755,https://whc.unesco.org/en/list/755/gallery,https://whc.unesco.org/uploads/thumbs/site_0755_0017-1200-630-20250108123615.jpg
Prehistoric Rock Art Sites in the Côa Valley and Siega Verde,cultural,https://whc.unesco.org/en/list/866,866,https://whc.unesco.org/en/list/866/gallery,https://whc.unesco.org/uploads/thumbs/site_0866_0001-1200-630-20151105152226.jpg
Laurisilva of Madeira,natural,https://whc.unesco.org/en/list/934,934,https://whc.unesco.org/en/list/934/gallery,https://whc.unesco.org/uploads/thumbs/site_0934_0010-1200-630-20151104161400.jpg
Alto Douro Wine Region,cultural,https://whc.unesco.org/en/list/1046,1046,https://whc.unesco.org/en/list/1046/gallery,https://whc.unesco.org/uploads/thumbs/site_1046_0001-1200-630-20151105152159.jpg
Historic Centre of Guimarães and Couros Zone,cultural,https://whc.unesco.org/en/list/1031,1031,https://whc.unesco.org/en/list/1031/gallery,https://whc.unesco.org/uploads/thumbs/site_1031_0016-1200-630-20230630151037.jpg
Landscape of the Pico Island Vineyard Culture,cultural,https://whc.unesco.org/en/list/1117,1117,https://whc.unesco.org/en/list/1117/gallery,https://whc.unesco.org/uploads/thumbs/site_1117_0001-1200-630-20090923111558.jpg
Garrison Border Town of Elvas and its Fortifications,cultural,https://whc.unesco.org/en/list/1367,1367,https://whc.unesco.org/en/list/1367/gallery,https://whc.unesco.org/uploads/thumbs/site_1367_0005-1200-630-20131017190840.jpg
University of Coimbra – Alta and Sofia,cultural,https://whc.unesco.org/en/list/1387,1387,https://whc.unesco.org/en/list/1387/gallery,https://whc.unesco.org/uploads/thumbs/site_1387_0001-1200-630-20130603143340.jpg
"Royal Building ofMafra– Palace, Basilica, Convent,CercoGarden and Hunting Park (Tapada)",cultural,https://whc.unesco.org/en/list/1573,1573,https://whc.unesco.org/en/list/1573/gallery,https://whc.unesco.org/uploads/thumbs/site_1573_0001-1200-630-20230112155321.jpg
Sanctuary of Bom Jesus do Monte in Braga,cultural,https://whc.unesco.org/en/list/1590,1590,https://whc.unesco.org/en/list/1590/gallery,https://whc.unesco.org/uploads/thumbs/site_1590_0006-1200-630-20211207172617.jpg
Al Zubarah Archaeological Site,cultural,https://whc.unesco.org/en/list/1402,1402,https://whc.unesco.org/en/list/1402/gallery,https://whc.unesco.org/uploads/thumbs/site_1402_0006-1200-630-20130603161406.jpg
"Haeinsa Temple Janggyeong Panjeon, the Depositories for theTripitaka KoreanaWoodblocks",cultural,https://whc.unesco.org/en/list/737,737,https://whc.unesco.org/en/list/737/gallery,https://whc.unesco.org/uploads/thumbs/site_0737_0004-1200-630-20150518200320.jpg
Jongmyo Shrine,cultural,https://whc.unesco.org/en/list/738,738,https://whc.unesco.org/en/list/738/gallery,https://whc.unesco.org/uploads/thumbs/site_0738_0001-1200-630-20120820144223.jpg
Seokguram Grotto and Bulguksa Temple,cultural,https://whc.unesco.org/en/list/736,736,https://whc.unesco.org/en/list/736/gallery,https://whc.unesco.org/uploads/thumbs/site_0736_0014-1200-630-20150518200407.jpg
Changdeokgung Palace Complex,cultural,https://whc.unesco.org/en/list/816,816,https://whc.unesco.org/en/list/816/gallery,https://whc.unesco.org/uploads/thumbs/site_0816_0019-1200-630-20141205175837.jpg
Hwaseong Fortress,cultural,https://whc.unesco.org/en/list/817,817,https://whc.unesco.org/en/list/817/gallery,https://whc.unesco.org/uploads/thumbs/site_0817_0001-1200-630-20090911144015.jpg
"Gochang, Hwasun and Ganghwa Dolmen Sites",cultural,https://whc.unesco.org/en/list/977,977,https://whc.unesco.org/en/list/977/gallery,https://whc.unesco.org/uploads/thumbs/site_0977_0002-1200-630-20120820144256.jpg
Gyeongju Historic Areas,cultural,https://whc.unesco.org/en/list/976,976,https://whc.unesco.org/en/list/976/gallery,https://whc.unesco.org/uploads/thumbs/site_0976_0022-1200-630-20140721141800.jpg
Jeju Volcanic Island and Lava Tubes,natural,https://whc.unesco.org/en/list/1264,1264,https://whc.unesco.org/en/list/1264/gallery,https://whc.unesco.org/uploads/thumbs/site_1264_0001-1200-630-20110920204612.jpg
Royal Tombs of the Joseon Dynasty,cultural,https://whc.unesco.org/en/list/1319,1319,https://whc.unesco.org/en/list/1319/gallery,https://whc.unesco.org/uploads/thumbs/site_1319_0005-1200-630-20230113125619.jpg
Historic Villages of Korea: Hahoe and Yangdong,cultural,https://whc.unesco.org/en/list/1324,1324,https://whc.unesco.org/en/list/1324/gallery,https://whc.unesco.org/uploads/thumbs/site_1324_0001-1200-630-20151105160637.jpg
Namhansanseong,cultural,https://whc.unesco.org/en/list/1439,1439,https://whc.unesco.org/en/list/1439/gallery,https://whc.unesco.org/uploads/thumbs/site_1439_0013-1200-630-20140622123342.jpg
Baekje Historic Areas,cultural,https://whc.unesco.org/en/list/1477,1477,https://whc.unesco.org/en/list/1477/gallery,https://whc.unesco.org/uploads/thumbs/site_1477_0006-1200-630-20230613103453.jpg
"Sansa, Buddhist Mountain Monasteries in Korea",cultural,https://whc.unesco.org/en/list/1562,1562,https://whc.unesco.org/en/list/1562/gallery,https://whc.unesco.org/uploads/thumbs/site_1562_0010-1200-630-20180221162950.jpg
"Seowon, Korean Neo-Confucian Academies",cultural,https://whc.unesco.org/en/list/1498,1498,https://whc.unesco.org/en/list/1498/gallery,https://whc.unesco.org/uploads/thumbs/site_1498_0038-1200-630-20230110085037.jpg
"Getbol, Korean Tidal Flats",natural,https://whc.unesco.org/en/list/1591,1591,https://whc.unesco.org/en/list/1591/gallery,https://whc.unesco.org/uploads/thumbs/site_1591_0006-1200-630-20211109085430.jpg
Gaya Tumuli,cultural,https://whc.unesco.org/en/list/1666,1666,https://whc.unesco.org/en/list/1666/gallery,https://whc.unesco.org/uploads/thumbs/site_1666_0001-1200-630-20221104154704.jpg
Petroglyphs along the Bangucheon Stream,cultural,https://whc.unesco.org/en/list/1740,1740,https://whc.unesco.org/en/list/1740/gallery,https://whc.unesco.org/uploads/thumbs/site_1740_0002-1200-630-20250616162803.jpg
Struve Geodetic Arc,cultural,https://whc.unesco.org/en/list/1187,1187,https://whc.unesco.org/en/list/1187/gallery,https://whc.unesco.org/uploads/thumbs/site_1187_0001-1200-630-20151104154840.jpg
Danube Delta,natural,https://whc.unesco.org/en/list/588,588,https://whc.unesco.org/en/list/588/gallery,https://whc.unesco.org/uploads/thumbs/site_0588_0013-1200-630-20220915172550.jpg
Churches of Moldavia,cultural,https://whc.unesco.org/en/list/598,598,https://whc.unesco.org/en/list/598/gallery,https://whc.unesco.org/uploads/thumbs/site_0598_0002-1200-630-20220914170111.jpg
Monastery of Horezu,cultural,https://whc.unesco.org/en/list/597,597,https://whc.unesco.org/en/list/597/gallery,https://whc.unesco.org/uploads/thumbs/site_0597_0001-1200-630-20090915114042.jpg
Villages with Fortified Churches in Transylvania,cultural,https://whc.unesco.org/en/list/596,596,https://whc.unesco.org/en/list/596/gallery,https://whc.unesco.org/uploads/thumbs/site_0596_0001-1200-630-20080603105809.jpg
Dacian Fortresses of the Orastie Mountains,cultural,https://whc.unesco.org/en/list/906,906,https://whc.unesco.org/en/list/906/gallery,https://whc.unesco.org/uploads/thumbs/site_0906_0001-1200-630-20090923113629.jpg
Historic Centre of Sighişoara,cultural,https://whc.unesco.org/en/list/902,902,https://whc.unesco.org/en/list/902/gallery,https://whc.unesco.org/uploads/thumbs/site_0902_0002-1200-630-20130801163929.jpg
Wooden Churches of Maramureş,cultural,https://whc.unesco.org/en/list/904,904,https://whc.unesco.org/en/list/904/gallery,https://whc.unesco.org/uploads/thumbs/site_0904_0004-1200-630-20170320095542.jpg
Ancient and Primeval Beech Forests of the Carpathians and Other Regions of Europe,natural,https://whc.unesco.org/en/list/1133,1133,https://whc.unesco.org/en/list/1133/gallery,https://whc.unesco.org/uploads/thumbs/site_1133_0076-1200-630-20251103122935.jpg
Roșia Montană Mining Landscape,cultural_danger,https://whc.unesco.org/en/list/1552,1552,https://whc.unesco.org/en/list/1552/gallery,https://whc.unesco.org/uploads/thumbs/site_1552_0001-1200-630-20180219161055.jpg
Brâncuși Monumental Ensemble of Târgu Jiu,cultural,https://whc.unesco.org/en/list/1473,1473,https://whc.unesco.org/en/list/1473/gallery,https://whc.unesco.org/uploads/thumbs/site_1473_0002-1200-630-20241030095327.jpg
Frontiers of the Roman Empire – Dacia,cultural,https://whc.unesco.org/en/list/1718,1718,https://whc.unesco.org/en/list/1718/gallery,https://whc.unesco.org/uploads/thumbs/site_1718_0004-1200-630-20240604114254.jpg
Historic Centre of Saint Petersburg and Related Groups of Monuments,cultural,https://whc.unesco.org/en/list/540,540,https://whc.unesco.org/en/list/540/gallery,https://whc.unesco.org/uploads/thumbs/site_0540_0047-1200-630-20251217113231.jpg
Kizhi Pogost,cultural,https://whc.unesco.org/en/list/544,544,https://whc.unesco.org/en/list/544/gallery,https://whc.unesco.org/uploads/thumbs/site_0544_0001-1200-630-20090925172613.jpg
"Kremlin and Red Square, Moscow",cultural,https://whc.unesco.org/en/list/545,545,https://whc.unesco.org/en/list/545/gallery,https://whc.unesco.org/uploads/thumbs/site_0545_0001-1200-630-20151105152453.jpg
Cultural and Historic Ensemble of the Solovetsky Islands,cultural,https://whc.unesco.org/en/list/632,632,https://whc.unesco.org/en/list/632/gallery,https://whc.unesco.org/uploads/thumbs/site_0632_0001-1200-630-20090928152050.jpg
Historic Monuments of Novgorod and Surroundings,cultural,https://whc.unesco.org/en/list/604,604,https://whc.unesco.org/en/list/604/gallery,https://whc.unesco.org/uploads/thumbs/site_0604_0001-1200-630-20090928150305.jpg
White Monuments of Vladimir and Suzdal,cultural,https://whc.unesco.org/en/list/633,633,https://whc.unesco.org/en/list/633/gallery,https://whc.unesco.org/uploads/thumbs/site_0633_0012-1200-630-20180314143250.jpg
Architectural Ensemble of the Trinity Sergius Lavra in Sergiev Posad,cultural,https://whc.unesco.org/en/list/657,657,https://whc.unesco.org/en/list/657/gallery,https://whc.unesco.org/uploads/thumbs/site_0657_0001-1200-630-20080618152241.jpg
"Church of the Ascension, Kolomenskoye",cultural,https://whc.unesco.org/en/list/634,634,https://whc.unesco.org/en/list/634/gallery,https://whc.unesco.org/uploads/thumbs/site_0634_0001-1200-630-20090928160215.jpg
Virgin Komi Forests,natural,https://whc.unesco.org/en/list/719,719,https://whc.unesco.org/en/list/719/gallery,https://whc.unesco.org/uploads/thumbs/site_0719_0001-1200-630-20090930182301.jpg
Lake Baikal,natural,https://whc.unesco.org/en/list/754,754,https://whc.unesco.org/en/list/754/gallery,https://whc.unesco.org/uploads/thumbs/site_0754_0001-1200-630-20151105152509.jpg
Volcanoes of Kamchatka,natural,https://whc.unesco.org/en/list/765,765,https://whc.unesco.org/en/list/765/gallery,https://whc.unesco.org/uploads/thumbs/site_0765_0001-1200-630-20151105152533.jpg
Golden Mountains of Altai,natural,https://whc.unesco.org/en/list/768,768,https://whc.unesco.org/en/list/768/gallery,https://whc.unesco.org/uploads/thumbs/site_0768_0001-1200-630-20151105152427.jpg
Western Caucasus,natural,https://whc.unesco.org/en/list/900,900,https://whc.unesco.org/en/list/900/gallery,https://whc.unesco.org/uploads/thumbs/site_0900_0001-1200-630-20091006102725.jpg
Curonian Spit,cultural,https://whc.unesco.org/en/list/994,994,https://whc.unesco.org/en/list/994/gallery,https://whc.unesco.org/uploads/thumbs/site_0994_0003-1200-630-20130326165835.jpg
Ensemble of the Ferapontov Monastery,cultural,https://whc.unesco.org/en/list/982,982,https://whc.unesco.org/en/list/982/gallery,https://whc.unesco.org/uploads/thumbs/site_0982_0001-1200-630-20091001174917.jpg
Historic and Architectural Complex of the Kazan Kremlin,cultural,https://whc.unesco.org/en/list/980,980,https://whc.unesco.org/en/list/980/gallery,https://whc.unesco.org/uploads/thumbs/site_0980_0003-1200-630-20210420091608.jpg
Central Sikhote-Alin,natural,https://whc.unesco.org/en/list/766,766,https://whc.unesco.org/en/list/766/gallery,https://whc.unesco.org/uploads/thumbs/site_0766_0020-1200-630-20180305143939.jpg
"Citadel, Ancient City and Fortress Buildings of Derbent",cultural,https://whc.unesco.org/en/list/1070,1070,https://whc.unesco.org/en/list/1070/gallery,https://whc.unesco.org/uploads/thumbs/site_1070_0001-1200-630-20091005185602.jpg
Uvs Nuur Basin,natural,https://whc.unesco.org/en/list/769,769,https://whc.unesco.org/en/list/769/gallery,https://whc.unesco.org/uploads/thumbs/site_0769_0015-1200-630-20241030142427.jpg
Ensemble of the Novodevichy Convent,cultural,https://whc.unesco.org/en/list/1097,1097,https://whc.unesco.org/en/list/1097/gallery,https://whc.unesco.org/uploads/thumbs/site_1097_0007-1200-630-20131014174525.jpg
Natural System of Wrangel Island Reserve,natural,https://whc.unesco.org/en/list/1023,1023,https://whc.unesco.org/en/list/1023/gallery,https://whc.unesco.org/uploads/thumbs/site_1023_0001-1200-630-20151130100938.jpg
Historical Centre of the City of Yaroslavl,cultural,https://whc.unesco.org/en/list/1170,1170,https://whc.unesco.org/en/list/1170/gallery,https://whc.unesco.org/uploads/thumbs/site_1170_0001-1200-630-20091005182138.jpg
Struve Geodetic Arc,cultural,https://whc.unesco.org/en/list/1187,1187,https://whc.unesco.org/en/list/1187/gallery,https://whc.unesco.org/uploads/thumbs/site_1187_0001-1200-630-20151104154840.jpg
Putorana Plateau,natural,https://whc.unesco.org/en/list/1234,1234,https://whc.unesco.org/en/list/1234/gallery,https://whc.unesco.org/uploads/thumbs/site_1234_0002-1200-630-20230113162119.jpg
Lena Pillars Nature Park,natural,https://whc.unesco.org/en/list/1299,1299,https://whc.unesco.org/en/list/1299/gallery,https://whc.unesco.org/uploads/thumbs/site_1299_0010-1200-630-20221006114645.jpg
Bolgar Historical and Archaeological Complex,cultural,https://whc.unesco.org/en/list/981,981,https://whc.unesco.org/en/list/981/gallery,https://whc.unesco.org/uploads/thumbs/site_0981_0004-1200-630-20241030095546.jpg
Assumption Cathedral and Monastery of the town-island of Sviyazhsk,cultural,https://whc.unesco.org/en/list/1525,1525,https://whc.unesco.org/en/list/1525/gallery,https://whc.unesco.org/uploads/thumbs/site_1525_0005-1200-630-20210420092238.jpg
Landscapes of Dauria,natural,https://whc.unesco.org/en/list/1448,1448,https://whc.unesco.org/en/list/1448/gallery,https://whc.unesco.org/uploads/thumbs/site_1448_0027-1200-630-20221005174310.jpg
Churches of the Pskov School of Architecture,cultural,https://whc.unesco.org/en/list/1523,1523,https://whc.unesco.org/en/list/1523/gallery,https://whc.unesco.org/uploads/thumbs/site_1523_0008-1200-630-20221102124323.jpg
Petroglyphs of Lake Onega and the White Sea,cultural,https://whc.unesco.org/en/list/1654,1654,https://whc.unesco.org/en/list/1654/gallery,https://whc.unesco.org/uploads/thumbs/site_1654_0008-1200-630-20210603065545.jpg
Astronomical Observatories of Kazan Federal University,cultural,https://whc.unesco.org/en/list/1678,1678,https://whc.unesco.org/en/list/1678/gallery,https://whc.unesco.org/uploads/thumbs/site_1678_0011-1200-630-20231024104242.jpg
Cultural Landscape of Kenozero Lake,cultural,https://whc.unesco.org/en/list/1688,1688,https://whc.unesco.org/en/list/1688/gallery,https://whc.unesco.org/uploads/thumbs/site_1688_0001-1200-630-20240603122953.jpg
Rock Paintings of Shulgan-Tash Cave,cultural,https://whc.unesco.org/en/list/1743,1743,https://whc.unesco.org/en/list/1743/gallery,https://whc.unesco.org/uploads/thumbs/site_1743_0004-1200-630-20250616164213.jpg
"Memorial sites of the Genocide: Nyamata, Murambi, Gisozi and Bisesero",cultural,https://whc.unesco.org/en/list/1586,1586,https://whc.unesco.org/en/list/1586/gallery,https://whc.unesco.org/uploads/thumbs/site_1586_0008-1200-630-20230629234736.jpg
Nyungwe National Park,natural,https://whc.unesco.org/en/list/1697,1697,https://whc.unesco.org/en/list/1697/gallery,https://whc.unesco.org/uploads/thumbs/site_1697_0013-1200-630-20250507170937.jpg
Brimstone Hill Fortress National Park,cultural,https://whc.unesco.org/en/list/910,910,https://whc.unesco.org/en/list/910/gallery,https://whc.unesco.org/uploads/thumbs/site_0910_0001-1200-630-20090923150431.jpg
Pitons Management Area,natural,https://whc.unesco.org/en/list/1161,1161,https://whc.unesco.org/en/list/1161/gallery,https://whc.unesco.org/uploads/thumbs/site_1161_0004-1200-630-20151105160700.jpg
San Marino Historic Centre and Mount Titano,cultural,https://whc.unesco.org/en/list/1245,1245,https://whc.unesco.org/en/list/1245/gallery,https://whc.unesco.org/uploads/thumbs/site_1245_0019-1200-630-20231020130636.jpg
Hegra Archaeological Site (al-Hijr / Madā ͐ in Ṣāliḥ),cultural,https://whc.unesco.org/en/list/1293,1293,https://whc.unesco.org/en/list/1293/gallery,https://whc.unesco.org/uploads/thumbs/site_1293_0008-1200-630-20231020115623.jpg
At-Turaif District in ad-Dir'iyah,cultural,https://whc.unesco.org/en/list/1329,1329,https://whc.unesco.org/en/list/1329/gallery,https://whc.unesco.org/uploads/thumbs/site_1329_0027-1200-630-20230113124527.jpg
"Historic Jeddah, the Gate to Makkah",cultural,https://whc.unesco.org/en/list/1361,1361,https://whc.unesco.org/en/list/1361/gallery,https://whc.unesco.org/uploads/thumbs/site_1361_0012-1200-630-20200605161637.jpg
Rock Art in the Hail Region of Saudi Arabia,cultural,https://whc.unesco.org/en/list/1472,1472,https://whc.unesco.org/en/list/1472/gallery,https://whc.unesco.org/uploads/thumbs/site_1472_0008-1200-630-20230316175026.jpg
"Al-Ahsa Oasis, an Evolving Cultural Landscape",cultural,https://whc.unesco.org/en/list/1563,1563,https://whc.unesco.org/en/list/1563/gallery,https://whc.unesco.org/uploads/thumbs/site_1563_0019-1200-630-20200605160540.jpg
Ḥimā Cultural Area,cultural,https://whc.unesco.org/en/list/1619,1619,https://whc.unesco.org/en/list/1619/gallery,https://whc.unesco.org/uploads/thumbs/site_1619_0003-1200-630-20210604101300.jpg
‘Uruq Bani Ma’arid,natural,https://whc.unesco.org/en/list/1699,1699,https://whc.unesco.org/en/list/1699/gallery,https://whc.unesco.org/uploads/thumbs/site_1699_0010-1200-630-20231020115222.jpg
The Cultural Landscape of Al-Faw Archaeological Area,cultural,https://whc.unesco.org/en/list/1712,1712,https://whc.unesco.org/en/list/1712/gallery,https://whc.unesco.org/uploads/thumbs/site_1712_0008-1200-630-20240531143550.jpg
Island of Gorée,cultural,https://whc.unesco.org/en/list/26,26,https://whc.unesco.org/en/list/26/gallery,https://whc.unesco.org/uploads/thumbs/site_0026_0005-1200-630-20130919145107.jpg
Djoudj National Bird Sanctuary,natural,https://whc.unesco.org/en/list/25,25,https://whc.unesco.org/en/list/25/gallery,https://whc.unesco.org/uploads/thumbs/site_0025_0001-1200-630-20151105152726.jpg
Niokolo-Koba National Park,natural,https://whc.unesco.org/en/list/153,153,https://whc.unesco.org/en/list/153/gallery,https://whc.unesco.org/uploads/thumbs/site_0153_0011-1200-630-20151105162053.jpg
Island of Saint-Louis,cultural,https://whc.unesco.org/en/list/956,956,https://whc.unesco.org/en/list/956/gallery,https://whc.unesco.org/uploads/thumbs/site_0956_0001-1200-630-20151105152750.jpg
Stone Circles of Senegambia,cultural,https://whc.unesco.org/en/list/1226,1226,https://whc.unesco.org/en/list/1226/gallery,https://whc.unesco.org/uploads/thumbs/site_1226_0001-1200-630-20090923154919.jpg
Saloum Delta,cultural,https://whc.unesco.org/en/list/1359,1359,https://whc.unesco.org/en/list/1359/gallery,https://whc.unesco.org/uploads/thumbs/site_1359_0001-1200-630-20221130120629.jpg
"Bassari Country: Bassari, Fula and Bedik Cultural Landscapes",cultural,https://whc.unesco.org/en/list/1407,1407,https://whc.unesco.org/en/list/1407/gallery,https://whc.unesco.org/uploads/thumbs/site_1407_0006-1200-630-20230221161500.jpg
Stari Ras and Sopoćani,cultural,https://whc.unesco.org/en/list/96,96,https://whc.unesco.org/en/list/96/gallery,https://whc.unesco.org/uploads/thumbs/site_0096_0027-1200-630-20251107174610.jpg
Studenica Monastery,cultural,https://whc.unesco.org/en/list/389,389,https://whc.unesco.org/en/list/389/gallery,https://whc.unesco.org/uploads/thumbs/site_0389_0033-1200-630-20241211103245.jpg
Medieval Monuments in Kosovo,cultural_danger,https://whc.unesco.org/en/list/724,724,https://whc.unesco.org/en/list/724/gallery,https://whc.unesco.org/uploads/thumbs/site_0724_0017-1200-630-20241211110720.jpg
"Gamzigrad-Romuliana, Palace of Galerius",cultural,https://whc.unesco.org/en/list/1253,1253,https://whc.unesco.org/en/list/1253/gallery,https://whc.unesco.org/uploads/thumbs/site_1253_0018-1200-630-20241211112912.jpg
Stećci Medieval Tombstone Graveyards,cultural,https://whc.unesco.org/en/list/1504,1504,https://whc.unesco.org/en/list/1504/gallery,https://whc.unesco.org/uploads/thumbs/site_1504_0033-1200-630-20251202101223.jpg
Aldabra Atoll,natural,https://whc.unesco.org/en/list/185,185,https://whc.unesco.org/en/list/185/gallery,https://whc.unesco.org/uploads/thumbs/site_0185_0001-1200-630-20151105153413.jpg
Vallée de Mai Nature Reserve,natural,https://whc.unesco.org/en/list/261,261,https://whc.unesco.org/en/list/261/gallery,https://whc.unesco.org/uploads/thumbs/site_0261_0018-1200-630-20151105153503.jpg
Gola-Tiwai Complex,natural,https://whc.unesco.org/en/list/1746,1746,https://whc.unesco.org/en/list/1746/gallery,https://whc.unesco.org/uploads/thumbs/site_1746_0001-1200-630-20250616142139.jpg
Singapore Botanic Gardens,cultural,https://whc.unesco.org/en/list/1483,1483,https://whc.unesco.org/en/list/1483/gallery,https://whc.unesco.org/uploads/thumbs/site_1483_0001-1200-630-20150527104148.jpg
Historic Town of Banská Štiavnica and the Technical Monuments in its Vicinity,cultural,https://whc.unesco.org/en/list/618,618,https://whc.unesco.org/en/list/618/gallery,https://whc.unesco.org/uploads/thumbs/site_0618_0014-1200-630-20151105153606.jpg
"Levoča, Spišský Hrad and the Associated Cultural Monuments",cultural,https://whc.unesco.org/en/list/620,620,https://whc.unesco.org/en/list/620/gallery,https://whc.unesco.org/uploads/thumbs/site_0620_0012-1200-630-20151105153644.jpg
Vlkolínec,cultural,https://whc.unesco.org/en/list/622,622,https://whc.unesco.org/en/list/622/gallery,https://whc.unesco.org/uploads/thumbs/site_0622_0002-1200-630-20151105160820.jpg
Caves of Aggtelek Karst and Slovak Karst,natural,https://whc.unesco.org/en/list/725,725,https://whc.unesco.org/en/list/725/gallery,https://whc.unesco.org/uploads/thumbs/site_0725_0046-1200-630-20241028164428.jpg
Bardejov Town Conservation Reserve,cultural,https://whc.unesco.org/en/list/973,973,https://whc.unesco.org/en/list/973/gallery,https://whc.unesco.org/uploads/thumbs/site_0973_0001-1200-630-20090923162401.jpg
Ancient and Primeval Beech Forests of the Carpathians and Other Regions of Europe,natural,https://whc.unesco.org/en/list/1133,1133,https://whc.unesco.org/en/list/1133/gallery,https://whc.unesco.org/uploads/thumbs/site_1133_0076-1200-630-20251103122935.jpg
Wooden Churches of the Slovak part of the Carpathian Mountain Area,cultural,https://whc.unesco.org/en/list/1273,1273,https://whc.unesco.org/en/list/1273/gallery,https://whc.unesco.org/uploads/thumbs/site_1273_0002-1200-630-20110517123601.jpg
Frontiers of the Roman Empire – The Danube Limes (Western Segment),cultural,https://whc.unesco.org/en/list/1608,1608,https://whc.unesco.org/en/list/1608/gallery,https://whc.unesco.org/uploads/thumbs/site_1608_0041-1200-630-20251127121059.jpg
Škocjan Caves,natural,https://whc.unesco.org/en/list/390,390,https://whc.unesco.org/en/list/390/gallery,https://whc.unesco.org/uploads/thumbs/site_0390_0017-1200-630-20130611142059.jpg
Ancient and Primeval Beech Forests of the Carpathians and Other Regions of Europe,natural,https://whc.unesco.org/en/list/1133,1133,https://whc.unesco.org/en/list/1133/gallery,https://whc.unesco.org/uploads/thumbs/site_1133_0076-1200-630-20251103122935.jpg
Prehistoric Pile Dwellings around the Alps,cultural,https://whc.unesco.org/en/list/1363,1363,https://whc.unesco.org/en/list/1363/gallery,https://whc.unesco.org/uploads/thumbs/site_1363_0001-1200-630-20260121175321.jpg
Heritage of Mercury. Almadén and Idrija,cultural,https://whc.unesco.org/en/list/1313,1313,https://whc.unesco.org/en/list/1313/gallery,https://whc.unesco.org/uploads/thumbs/site_1313_0015-1200-630-20221003102637.jpg
The works of Jože Plečnik in Ljubljana – Human Centred Urban Design,cultural,https://whc.unesco.org/en/list/1643,1643,https://whc.unesco.org/en/list/1643/gallery,https://whc.unesco.org/uploads/thumbs/site_1643_0007-1200-630-20210603164425.jpg
East Rennell,natural_danger,https://whc.unesco.org/en/list/854,854,https://whc.unesco.org/en/list/854/gallery,https://whc.unesco.org/uploads/thumbs/site_0854_0060-1200-630-20190621164918.jpg
Fossil Hominid Sites of South Africa,cultural,https://whc.unesco.org/en/list/915,915,https://whc.unesco.org/en/list/915/gallery,https://whc.unesco.org/uploads/thumbs/site_0915_0001-1200-630-20151105160913.jpg
iSimangaliso Wetland Park – Maputo National Park,natural,https://whc.unesco.org/en/list/914,914,https://whc.unesco.org/en/list/914/gallery,https://whc.unesco.org/uploads/thumbs/site_0914_0024-1200-630-20250713111338.jpg
Robben Island,cultural,https://whc.unesco.org/en/list/916,916,https://whc.unesco.org/en/list/916/gallery,https://whc.unesco.org/uploads/thumbs/site_0916_0001-1200-630-20151105152904.jpg
Maloti-Drakensberg Park,mixed,https://whc.unesco.org/en/list/985,985,https://whc.unesco.org/en/list/985/gallery,https://whc.unesco.org/uploads/thumbs/site_0985_0001-1200-630-20130622141940.jpg
Mapungubwe Cultural Landscape,cultural,https://whc.unesco.org/en/list/1099,1099,https://whc.unesco.org/en/list/1099/gallery,https://whc.unesco.org/uploads/thumbs/site_1099_0001-1200-630-20151105152840.jpg
Cape Floral Region Protected Areas,natural,https://whc.unesco.org/en/list/1007,1007,https://whc.unesco.org/en/list/1007/gallery,https://whc.unesco.org/uploads/thumbs/site_1007_0022-1200-630-20151105153805.jpg
Vredefort Dome,natural,https://whc.unesco.org/en/list/1162,1162,https://whc.unesco.org/en/list/1162/gallery,https://whc.unesco.org/uploads/thumbs/site_1162_0001-1200-630-20151105152919.jpg
Richtersveld Cultural and Botanical Landscape,cultural,https://whc.unesco.org/en/list/1265,1265,https://whc.unesco.org/en/list/1265/gallery,https://whc.unesco.org/uploads/thumbs/site_1265_0002-1200-630-20121121151056.jpg
ǂKhomani Cultural Landscape,cultural,https://whc.unesco.org/en/list/1545,1545,https://whc.unesco.org/en/list/1545/gallery,https://whc.unesco.org/uploads/thumbs/site_1545_0002-1200-630-20230125133205.jpg
Barberton Makhonjwa Mountains,natural,https://whc.unesco.org/en/list/1575,1575,https://whc.unesco.org/en/list/1575/gallery,https://whc.unesco.org/uploads/thumbs/site_1575_0005-1200-630-20220307094533.jpg
"Human Rights, Liberation and Reconciliation: Nelson Mandela Legacy Sites",cultural,https://whc.unesco.org/en/list/1676,1676,https://whc.unesco.org/en/list/1676/gallery,https://whc.unesco.org/uploads/thumbs/site_1676_0012-1200-630-20240603101737.jpg
The Emergence of Modern Human Behaviour: The Pleistocene Occupation Sites of South Africa,cultural,https://whc.unesco.org/en/list/1723,1723,https://whc.unesco.org/en/list/1723/gallery,https://whc.unesco.org/uploads/thumbs/site_1723_0001-1200-630-20230302163437.jpg
"Alhambra, Generalife and Albayzín, Granada",cultural,https://whc.unesco.org/en/list/314,314,https://whc.unesco.org/en/list/314/gallery,https://whc.unesco.org/uploads/thumbs/site_0314_0022-1200-630-20151105153009.jpg
Burgos Cathedral,cultural,https://whc.unesco.org/en/list/316,316,https://whc.unesco.org/en/list/316/gallery,https://whc.unesco.org/uploads/thumbs/site_0316_0011-1200-630-20151105153056.jpg
Historic Centre of Cordoba,cultural,https://whc.unesco.org/en/list/313,313,https://whc.unesco.org/en/list/313/gallery,https://whc.unesco.org/uploads/thumbs/site_0313_0001-1200-630-20251006095910.jpg
"Monastery and Site of the Escurial, Madrid",cultural,https://whc.unesco.org/en/list/318,318,https://whc.unesco.org/en/list/318/gallery,https://whc.unesco.org/uploads/thumbs/site_0318_0001-1200-630-20151104155711.jpg
Works of Antoni Gaudí,cultural,https://whc.unesco.org/en/list/320,320,https://whc.unesco.org/en/list/320/gallery,https://whc.unesco.org/uploads/thumbs/site_0320_0001-1200-630-20250108125021.jpg
Cave of Altamira and Paleolithic Cave Art of Northern Spain,cultural,https://whc.unesco.org/en/list/310,310,https://whc.unesco.org/en/list/310/gallery,https://whc.unesco.org/uploads/thumbs/site_0310_0001-1200-630-20090924132936.jpg
Monuments of Oviedo and the Kingdom of the Asturias,cultural,https://whc.unesco.org/en/list/312,312,https://whc.unesco.org/en/list/312/gallery,https://whc.unesco.org/uploads/thumbs/site_0312_0001-1200-630-20090924133410.jpg
Old Town of Ávila with its Extra-Muros Churches,cultural,https://whc.unesco.org/en/list/348,348,https://whc.unesco.org/en/list/348/gallery,https://whc.unesco.org/uploads/thumbs/site_0348_0001-1200-630-20151104155737.jpg
Old Town of Segovia and its Aqueduct,cultural,https://whc.unesco.org/en/list/311,311,https://whc.unesco.org/en/list/311/gallery,https://whc.unesco.org/uploads/thumbs/site_0311_0001-1200-630-20090708013648.jpg
Santiago de Compostela (Old Town),cultural,https://whc.unesco.org/en/list/347,347,https://whc.unesco.org/en/list/347/gallery,https://whc.unesco.org/uploads/thumbs/site_0347_0006-1200-630-20130221170250.jpg
Garajonay National Park,natural,https://whc.unesco.org/en/list/380,380,https://whc.unesco.org/en/list/380/gallery,https://whc.unesco.org/uploads/thumbs/site_0380_0001-1200-630-20090928120959.jpg
Historic City of Toledo,cultural,https://whc.unesco.org/en/list/379,379,https://whc.unesco.org/en/list/379/gallery,https://whc.unesco.org/uploads/thumbs/site_0379_0038-1200-630-20231002171105.jpg
Mudejar Architecture of Aragon,cultural,https://whc.unesco.org/en/list/378,378,https://whc.unesco.org/en/list/378/gallery,https://whc.unesco.org/uploads/thumbs/site_0378_0014-1200-630-20240118091657.jpg
Old Town of Cáceres,cultural,https://whc.unesco.org/en/list/384,384,https://whc.unesco.org/en/list/384/gallery,https://whc.unesco.org/uploads/thumbs/site_0384_0001-1200-630-20090924134346.jpg
"Cathedral, Alcázar and Archivo de Indias in Seville",cultural,https://whc.unesco.org/en/list/383,383,https://whc.unesco.org/en/list/383/gallery,https://whc.unesco.org/uploads/thumbs/site_0383_0075-1200-630-20251006100515.jpg
Old City of Salamanca,cultural,https://whc.unesco.org/en/list/381,381,https://whc.unesco.org/en/list/381/gallery,https://whc.unesco.org/uploads/thumbs/site_0381_0001-1200-630-20151104131823.jpg
Poblet Monastery,cultural,https://whc.unesco.org/en/list/518,518,https://whc.unesco.org/en/list/518/gallery,https://whc.unesco.org/uploads/thumbs/site_0518_0001-1200-630-20090924134955.jpg
Archaeological Ensemble of Mérida,cultural,https://whc.unesco.org/en/list/664,664,https://whc.unesco.org/en/list/664/gallery,https://whc.unesco.org/uploads/thumbs/site_0664_0001-1200-630-20090924135503.jpg
Routes of Santiago de Compostela:Camino Francésand Routes of Northern Spain,cultural,https://whc.unesco.org/en/list/669,669,https://whc.unesco.org/en/list/669/gallery,https://whc.unesco.org/uploads/thumbs/site_0669_0003-1200-630-20150609181457.jpg
Royal Monastery of Santa María de Guadalupe,cultural,https://whc.unesco.org/en/list/665,665,https://whc.unesco.org/en/list/665/gallery,https://whc.unesco.org/uploads/thumbs/site_0665_0009-1200-630-20131202173050.jpg
Doñana National Park,natural,https://whc.unesco.org/en/list/685,685,https://whc.unesco.org/en/list/685/gallery,https://whc.unesco.org/uploads/thumbs/site_0685_0047-1200-630-20251007172520.jpg
Historic Walled Town of Cuenca,cultural,https://whc.unesco.org/en/list/781,781,https://whc.unesco.org/en/list/781/gallery,https://whc.unesco.org/uploads/thumbs/site_0781_0008-1200-630-20240613122206.jpg
La Lonja de la Seda de Valencia,cultural,https://whc.unesco.org/en/list/782,782,https://whc.unesco.org/en/list/782/gallery,https://whc.unesco.org/uploads/thumbs/site_0782_0021-1200-630-20180122100444.jpg
Las Médulas,cultural,https://whc.unesco.org/en/list/803,803,https://whc.unesco.org/en/list/803/gallery,https://whc.unesco.org/uploads/thumbs/site_0803_0001-1200-630-20090924140344.jpg
"Palau de la Música Catalana and Hospital de Sant Pau, Barcelona",cultural,https://whc.unesco.org/en/list/804,804,https://whc.unesco.org/en/list/804/gallery,https://whc.unesco.org/uploads/thumbs/site_0804_0001-1200-630-20250108124909.jpg
Pyrénées - Mont Perdu,mixed,https://whc.unesco.org/en/list/773,773,https://whc.unesco.org/en/list/773/gallery,https://whc.unesco.org/uploads/thumbs/site_0773_0001-1200-630-20151105095457.jpg
San Millán Yuso and Suso Monasteries,cultural,https://whc.unesco.org/en/list/805,805,https://whc.unesco.org/en/list/805/gallery,https://whc.unesco.org/uploads/thumbs/site_0805_0001-1200-630-20090924140554.jpg
Prehistoric Rock Art Sites in the Côa Valley and Siega Verde,cultural,https://whc.unesco.org/en/list/866,866,https://whc.unesco.org/en/list/866/gallery,https://whc.unesco.org/uploads/thumbs/site_0866_0001-1200-630-20151105152226.jpg
Rock Art of the Mediterranean Basin on the Iberian Peninsula,cultural,https://whc.unesco.org/en/list/874,874,https://whc.unesco.org/en/list/874/gallery,https://whc.unesco.org/uploads/thumbs/site_0874_0001-1200-630-20090929163926.jpg
University and Historic Precinct of Alcalá de Henares,cultural,https://whc.unesco.org/en/list/876,876,https://whc.unesco.org/en/list/876/gallery,https://whc.unesco.org/uploads/thumbs/site_0876_0001-1200-630-20151105153314.jpg
"Ibiza, Biodiversity and Culture",mixed,https://whc.unesco.org/en/list/417,417,https://whc.unesco.org/en/list/417/gallery,https://whc.unesco.org/uploads/thumbs/site_0417_0001-1200-630-20251002110326.jpg
San Cristóbal de La Laguna,cultural,https://whc.unesco.org/en/list/929,929,https://whc.unesco.org/en/list/929/gallery,https://whc.unesco.org/uploads/thumbs/site_0929_0001-1200-630-20090928122255.jpg
Archaeological Ensemble of Tarraco,cultural,https://whc.unesco.org/en/list/875,875,https://whc.unesco.org/en/list/875/gallery,https://whc.unesco.org/uploads/thumbs/site_0875_0009-1200-630-20230224104030.jpg
Archaeological Site of Atapuerca,cultural,https://whc.unesco.org/en/list/989,989,https://whc.unesco.org/en/list/989/gallery,https://whc.unesco.org/uploads/thumbs/site_0989_0013-1200-630-20151105153023.jpg
Catalan Romanesque Churches of the Vall de Boí,cultural,https://whc.unesco.org/en/list/988,988,https://whc.unesco.org/en/list/988/gallery,https://whc.unesco.org/uploads/thumbs/site_0988_0001-1200-630-20090924141127.jpg
Palmeral of Elche,cultural,https://whc.unesco.org/en/list/930,930,https://whc.unesco.org/en/list/930/gallery,https://whc.unesco.org/uploads/thumbs/site_0930_0031-1200-630-20200129150935.jpg
Roman Walls of Lugo,cultural,https://whc.unesco.org/en/list/987,987,https://whc.unesco.org/en/list/987/gallery,https://whc.unesco.org/uploads/thumbs/site_0987_0001-1200-630-20151105153809.jpg
Aranjuez Cultural Landscape,cultural,https://whc.unesco.org/en/list/1044,1044,https://whc.unesco.org/en/list/1044/gallery,https://whc.unesco.org/uploads/thumbs/site_1044_0001-1200-630-20090924141547.jpg
Renaissance Monumental Ensembles of Úbeda and Baeza,cultural,https://whc.unesco.org/en/list/522,522,https://whc.unesco.org/en/list/522/gallery,https://whc.unesco.org/uploads/thumbs/site_0522_0001-1200-630-20090928144407.jpg
Vizcaya Bridge,cultural,https://whc.unesco.org/en/list/1217,1217,https://whc.unesco.org/en/list/1217/gallery,https://whc.unesco.org/uploads/thumbs/site_1217_0001-1200-630-20091028121453.jpg
Ancient and Primeval Beech Forests of the Carpathians and Other Regions of Europe,natural,https://whc.unesco.org/en/list/1133,1133,https://whc.unesco.org/en/list/1133/gallery,https://whc.unesco.org/uploads/thumbs/site_1133_0076-1200-630-20251103122935.jpg
Teide National Park,natural,https://whc.unesco.org/en/list/1258,1258,https://whc.unesco.org/en/list/1258/gallery,https://whc.unesco.org/uploads/thumbs/site_1258_0001-1200-630-20070705132501.jpg
Tower of Hercules,cultural,https://whc.unesco.org/en/list/1312,1312,https://whc.unesco.org/en/list/1312/gallery,https://whc.unesco.org/uploads/thumbs/site_1312_0002-1200-630-20230116173205.jpg
Cultural Landscape of the Serra de Tramuntana,cultural,https://whc.unesco.org/en/list/1371,1371,https://whc.unesco.org/en/list/1371/gallery,https://whc.unesco.org/uploads/thumbs/site_1371_0002-1200-630-20231020113035.jpg
Heritage of Mercury. Almadén and Idrija,cultural,https://whc.unesco.org/en/list/1313,1313,https://whc.unesco.org/en/list/1313/gallery,https://whc.unesco.org/uploads/thumbs/site_1313_0015-1200-630-20221003102637.jpg
Antequera Dolmens Site,cultural,https://whc.unesco.org/en/list/1501,1501,https://whc.unesco.org/en/list/1501/gallery,https://whc.unesco.org/uploads/thumbs/site_1501_0001-1200-630-20160616153829.jpg
Caliphate City of Medina Azahara,cultural,https://whc.unesco.org/en/list/1560,1560,https://whc.unesco.org/en/list/1560/gallery,https://whc.unesco.org/uploads/thumbs/site_1560_0013-1200-630-20180220102226.jpg
Risco Caido and the Sacred Mountains of Gran Canaria Cultural Landscape,cultural,https://whc.unesco.org/en/list/1578,1578,https://whc.unesco.org/en/list/1578/gallery,https://whc.unesco.org/uploads/thumbs/site_1578_0004-1200-630-20180227155214.jpg
"Paseo del Prado and Buen Retiro, a landscape of Arts and Sciences",cultural,https://whc.unesco.org/en/list/1618,1618,https://whc.unesco.org/en/list/1618/gallery,https://whc.unesco.org/uploads/thumbs/site_1618_0006-1200-630-20190327174327.jpg
Talayotic Menorca,cultural,https://whc.unesco.org/en/list/1528,1528,https://whc.unesco.org/en/list/1528/gallery,https://whc.unesco.org/uploads/thumbs/site_1528_0046-1200-630-20231020130055.jpg
Ancient City of Polonnaruwa,cultural,https://whc.unesco.org/en/list/201,201,https://whc.unesco.org/en/list/201/gallery,https://whc.unesco.org/uploads/thumbs/site_0201_0001-1200-630-20151105153342.jpg
Ancient City of Sigiriya,cultural,https://whc.unesco.org/en/list/202,202,https://whc.unesco.org/en/list/202/gallery,https://whc.unesco.org/uploads/thumbs/site_0202_0010-1200-630-20151105161025.jpg
Sacred City of Anuradhapura,cultural,https://whc.unesco.org/en/list/200,200,https://whc.unesco.org/en/list/200/gallery,https://whc.unesco.org/uploads/thumbs/site_0200_0001-1200-630-20150608110546.jpg
Old Town of Galle and its Fortifications,cultural,https://whc.unesco.org/en/list/451,451,https://whc.unesco.org/en/list/451/gallery,https://whc.unesco.org/uploads/thumbs/site_0451_0002-1200-630-20121126121219.jpg
Sacred City of Kandy,cultural,https://whc.unesco.org/en/list/450,450,https://whc.unesco.org/en/list/450/gallery,https://whc.unesco.org/uploads/thumbs/site_0450_0020-1200-630-20151105154018.jpg
Sinharaja Forest Reserve,natural,https://whc.unesco.org/en/list/405,405,https://whc.unesco.org/en/list/405/gallery,https://whc.unesco.org/uploads/thumbs/site_0405_0001-1200-630-20150608104702.jpg
Rangiri Dambulla Cave Temple,cultural,https://whc.unesco.org/en/list/561,561,https://whc.unesco.org/en/list/561/gallery,https://whc.unesco.org/uploads/thumbs/site_0561_0001-1200-630-20151105161136.jpg
Central Highlands of Sri Lanka,natural,https://whc.unesco.org/en/list/1203,1203,https://whc.unesco.org/en/list/1203/gallery,https://whc.unesco.org/uploads/thumbs/site_1203_0018-1200-630-20231019092438.jpg
"Birthplace of Jesus: Church of the Nativity and the Pilgrimage Route, Bethlehem",cultural,https://whc.unesco.org/en/list/1433,1433,https://whc.unesco.org/en/list/1433/gallery,https://whc.unesco.org/uploads/thumbs/site_1433_0020-1200-630-20241106120726.jpg
"Palestine: Land of Olives and Vines – Cultural Landscape of Southern Jerusalem, Battir",cultural_danger,https://whc.unesco.org/en/list/1492,1492,https://whc.unesco.org/en/list/1492/gallery,https://whc.unesco.org/uploads/thumbs/site_1492_0004-1200-630-20140923114655.jpg
Hebron/Al-Khalil Old Town,cultural_danger,https://whc.unesco.org/en/list/1565,1565,https://whc.unesco.org/en/list/1565/gallery,https://whc.unesco.org/uploads/thumbs/site_1565_0028-1200-630-20170706122040.jpg
Ancient Jericho/Tell es-Sultan,cultural,https://whc.unesco.org/en/list/1687,1687,https://whc.unesco.org/en/list/1687/gallery,https://whc.unesco.org/uploads/thumbs/site_1687_0007-1200-630-20230901104453.jpg
Saint Hilarion Monastery/ Tell Umm Amer,cultural_danger,https://whc.unesco.org/en/list/1749,1749,https://whc.unesco.org/en/list/1749/gallery,https://whc.unesco.org/uploads/thumbs/site_1749_0001-1200-630-20240704181148.jpg
Gebel Barkal and the Sites of the Napatan Region,cultural,https://whc.unesco.org/en/list/1073,1073,https://whc.unesco.org/en/list/1073/gallery,https://whc.unesco.org/uploads/thumbs/site_1073_0011-1200-630-20151104125110.jpg
Archaeological Sites of the Island of Meroe,cultural,https://whc.unesco.org/en/list/1336,1336,https://whc.unesco.org/en/list/1336/gallery,https://whc.unesco.org/uploads/thumbs/site_1336_0004-1200-630-20221125095708.jpg
Sanganeb Marine National Park and Dungonab Bay – Mukkawar Island Marine National Park,natural,https://whc.unesco.org/en/list/262,262,https://whc.unesco.org/en/list/262/gallery,https://whc.unesco.org/uploads/thumbs/site_0262_0004-1200-630-20221220153310.jpg
Central Suriname Nature Reserve,natural,https://whc.unesco.org/en/list/1017,1017,https://whc.unesco.org/en/list/1017/gallery,https://whc.unesco.org/uploads/thumbs/site_1017_0001-1200-630-20090923174852.jpg
Historic Inner City of Paramaribo,cultural,https://whc.unesco.org/en/list/940,940,https://whc.unesco.org/en/list/940/gallery,https://whc.unesco.org/uploads/thumbs/site_0940_0001-1200-630-20151105154150.jpg
Jodensavanne Archaeological Site: Jodensavanne Settlement and Cassipora Creek Cemetery,cultural,https://whc.unesco.org/en/list/1680,1680,https://whc.unesco.org/en/list/1680/gallery,https://whc.unesco.org/uploads/thumbs/site_1680_0005-1200-630-20231020094441.jpg
Royal Domain of Drottningholm,cultural,https://whc.unesco.org/en/list/559,559,https://whc.unesco.org/en/list/559/gallery,https://whc.unesco.org/uploads/thumbs/site_0559_0001-1200-630-20090928184059.jpg
Birka and Hovgården,cultural,https://whc.unesco.org/en/list/555,555,https://whc.unesco.org/en/list/555/gallery,https://whc.unesco.org/uploads/thumbs/site_0555_0001-1200-630-20151105161200.jpg
Engelsberg Ironworks,cultural,https://whc.unesco.org/en/list/556,556,https://whc.unesco.org/en/list/556/gallery,https://whc.unesco.org/uploads/thumbs/site_0556_0001-1200-630-20090928173543.jpg
Rock Carvings in Tanum,cultural,https://whc.unesco.org/en/list/557,557,https://whc.unesco.org/en/list/557/gallery,https://whc.unesco.org/uploads/thumbs/site_0557_0001-1200-630-20090928184611.jpg
Skogskyrkogården,cultural,https://whc.unesco.org/en/list/558,558,https://whc.unesco.org/en/list/558/gallery,https://whc.unesco.org/uploads/thumbs/site_0558_0012-1200-630-20170712153557.jpg
Hanseatic Town of Visby,cultural,https://whc.unesco.org/en/list/731,731,https://whc.unesco.org/en/list/731/gallery,https://whc.unesco.org/uploads/thumbs/site_0731_0001-1200-630-20151105161947.jpg
"Church Town of Gammelstad, Luleå",cultural,https://whc.unesco.org/en/list/762,762,https://whc.unesco.org/en/list/762/gallery,https://whc.unesco.org/uploads/thumbs/site_0762_0001-1200-630-20090930165227.jpg
Laponian Area,mixed,https://whc.unesco.org/en/list/774,774,https://whc.unesco.org/en/list/774/gallery,https://whc.unesco.org/uploads/thumbs/site_0774_0002-1200-630-20151105163253.jpg
Naval Port of Karlskrona,cultural,https://whc.unesco.org/en/list/871,871,https://whc.unesco.org/en/list/871/gallery,https://whc.unesco.org/uploads/thumbs/site_0871_0002-1200-630-20140617110529.jpg
Agricultural Landscape of Southern Öland,cultural,https://whc.unesco.org/en/list/968,968,https://whc.unesco.org/en/list/968/gallery,https://whc.unesco.org/uploads/thumbs/site_0968_0001-1200-630-20090923170401.jpg
High Coast / Kvarken Archipelago,natural,https://whc.unesco.org/en/list/898,898,https://whc.unesco.org/en/list/898/gallery,https://whc.unesco.org/uploads/thumbs/site_0898_0001-1200-630-20110920203436.jpg
Mining Area of the Great Copper Mountain in Falun,cultural,https://whc.unesco.org/en/list/1027,1027,https://whc.unesco.org/en/list/1027/gallery,https://whc.unesco.org/uploads/thumbs/site_1027_0001-1200-630-20090923170920.jpg
"Grimeton Radio Station, Varberg",cultural,https://whc.unesco.org/en/list/1134,1134,https://whc.unesco.org/en/list/1134/gallery,https://whc.unesco.org/uploads/thumbs/site_1134_0001-1200-630-20090923171510.jpg
Struve Geodetic Arc,cultural,https://whc.unesco.org/en/list/1187,1187,https://whc.unesco.org/en/list/1187/gallery,https://whc.unesco.org/uploads/thumbs/site_1187_0001-1200-630-20151104154840.jpg
Decorated Farmhouses of Hälsingland,cultural,https://whc.unesco.org/en/list/1282,1282,https://whc.unesco.org/en/list/1282/gallery,https://whc.unesco.org/uploads/thumbs/site_1282_0003-1200-630-20130819153559.jpg
Abbey of St Gall,cultural,https://whc.unesco.org/en/list/268,268,https://whc.unesco.org/en/list/268/gallery,https://whc.unesco.org/uploads/thumbs/site_0268_0007-1200-630-20171130111806.jpg
Benedictine Convent of St John at Müstair,cultural,https://whc.unesco.org/en/list/269,269,https://whc.unesco.org/en/list/269/gallery,https://whc.unesco.org/uploads/thumbs/site_0269_0019-1200-630-20241223125922.jpg
Old City of Berne,cultural,https://whc.unesco.org/en/list/267,267,https://whc.unesco.org/en/list/267/gallery,https://whc.unesco.org/uploads/thumbs/site_0267_0010-1200-630-20250903102201.jpg
"Three Castles, Defensive Wall and Ramparts of the Market-Town of Bellinzona",cultural,https://whc.unesco.org/en/list/884,884,https://whc.unesco.org/en/list/884/gallery,https://whc.unesco.org/uploads/thumbs/site_0884_0017-1200-630-20230130151236.jpg
Swiss Alps Jungfrau-Aletsch,natural,https://whc.unesco.org/en/list/1037,1037,https://whc.unesco.org/en/list/1037/gallery,https://whc.unesco.org/uploads/thumbs/site_1037_0001-1200-630-20151105155849.jpg
Monte San Giorgio,natural,https://whc.unesco.org/en/list/1090,1090,https://whc.unesco.org/en/list/1090/gallery,https://whc.unesco.org/uploads/thumbs/site_1090_0001-1200-630-20100802181405.jpg
Ancient and Primeval Beech Forests of the Carpathians and Other Regions of Europe,natural,https://whc.unesco.org/en/list/1133,1133,https://whc.unesco.org/en/list/1133/gallery,https://whc.unesco.org/uploads/thumbs/site_1133_0076-1200-630-20251103122935.jpg
"Lavaux, Vineyard Terraces",cultural,https://whc.unesco.org/en/list/1243,1243,https://whc.unesco.org/en/list/1243/gallery,https://whc.unesco.org/uploads/thumbs/site_1243_0001-1200-630-20151104113055.jpg
Rhaetian Railway in the Albula / Bernina Landscapes,cultural,https://whc.unesco.org/en/list/1276,1276,https://whc.unesco.org/en/list/1276/gallery,https://whc.unesco.org/uploads/thumbs/site_1276_0003-1200-630-20231020100813.jpg
Swiss Tectonic Arena Sardona,natural,https://whc.unesco.org/en/list/1179,1179,https://whc.unesco.org/en/list/1179/gallery,https://whc.unesco.org/uploads/thumbs/site_1179_0002-1200-630-20231212160339.jpg
"La Chaux-de-Fonds / Le Locle, Watchmaking Town Planning",cultural,https://whc.unesco.org/en/list/1302,1302,https://whc.unesco.org/en/list/1302/gallery,https://whc.unesco.org/uploads/thumbs/site_1302_0009-1200-630-20230116171456.jpg
Prehistoric Pile Dwellings around the Alps,cultural,https://whc.unesco.org/en/list/1363,1363,https://whc.unesco.org/en/list/1363/gallery,https://whc.unesco.org/uploads/thumbs/site_1363_0001-1200-630-20260121175321.jpg
"The Architectural Work of Le Corbusier, an Outstanding Contribution to the Modern Movement",cultural,https://whc.unesco.org/en/list/1321,1321,https://whc.unesco.org/en/list/1321/gallery,https://whc.unesco.org/uploads/thumbs/site_1321_0036-1200-630-20221003172203.jpg
Ancient City of Damascus,cultural_danger,https://whc.unesco.org/en/list/20,20,https://whc.unesco.org/en/list/20/gallery,https://whc.unesco.org/uploads/thumbs/site_0020_0001-1200-630-20121026111508.jpg
Ancient City of Bosra,cultural_danger,https://whc.unesco.org/en/list/22,22,https://whc.unesco.org/en/list/22/gallery,https://whc.unesco.org/uploads/thumbs/site_0022_0001-1200-630-20151104162109.jpg
Site of Palmyra,cultural_danger,https://whc.unesco.org/en/list/23,23,https://whc.unesco.org/en/list/23/gallery,https://whc.unesco.org/uploads/thumbs/site_0023_0058-1200-630-20151104161901.jpg
Ancient City of Aleppo,cultural_danger,https://whc.unesco.org/en/list/21,21,https://whc.unesco.org/en/list/21/gallery,https://whc.unesco.org/uploads/thumbs/site_0021_0042-1200-630-20151104162414.jpg
Crac des Chevaliers and Qal’at Salah El-Din,cultural_danger,https://whc.unesco.org/en/list/1229,1229,https://whc.unesco.org/en/list/1229/gallery,https://whc.unesco.org/uploads/thumbs/site_1229_0032-1200-630-20151104161908.jpg
Ancient Villages of Northern Syria,cultural_danger,https://whc.unesco.org/en/list/1348,1348,https://whc.unesco.org/en/list/1348/gallery,https://whc.unesco.org/uploads/thumbs/site_1348_0007-1200-630-20230221171113.jpg
Proto-urban Site of Sarazm,cultural,https://whc.unesco.org/en/list/1141,1141,https://whc.unesco.org/en/list/1141/gallery,https://whc.unesco.org/uploads/thumbs/site_1141_0004-1200-630-20230113123702.jpg
Tajik National Park (Mountains of the Pamirs),natural,https://whc.unesco.org/en/list/1252,1252,https://whc.unesco.org/en/list/1252/gallery,https://whc.unesco.org/uploads/thumbs/site_1252_0015-1200-630-20230117112057.jpg
Silk Roads: Zarafshan-Karakum Corridor,cultural,https://whc.unesco.org/en/list/1675,1675,https://whc.unesco.org/en/list/1675/gallery,https://whc.unesco.org/uploads/thumbs/site_1675_0016-1200-630-20250507162548.jpg
Tugay forests of the Tigrovaya Balka Nature Reserve,natural,https://whc.unesco.org/en/list/1685,1685,https://whc.unesco.org/en/list/1685/gallery,https://whc.unesco.org/uploads/thumbs/site_1685_0013-1200-630-20231018171158.jpg
Cultural Heritage Sites of Ancient Khuttal,cultural,https://whc.unesco.org/en/list/1627,1627,https://whc.unesco.org/en/list/1627/gallery,https://whc.unesco.org/uploads/thumbs/site_1627_0001-1200-630-20250617144200.jpg
Historic City of Ayutthaya,cultural,https://whc.unesco.org/en/list/576,576,https://whc.unesco.org/en/list/576/gallery,https://whc.unesco.org/uploads/thumbs/site_0576_0016-1200-630-20151105155931.jpg
Historic Town of Sukhothai and Associated Historic Towns,cultural,https://whc.unesco.org/en/list/574,574,https://whc.unesco.org/en/list/574/gallery,https://whc.unesco.org/uploads/thumbs/site_0574_0001-1200-630-20090921172320.jpg
Thungyai-Huai Kha Khaeng Wildlife Sanctuaries,natural,https://whc.unesco.org/en/list/591,591,https://whc.unesco.org/en/list/591/gallery,https://whc.unesco.org/uploads/thumbs/site_0591_0006-1200-630-20170712153421.jpg
Ban Chiang Archaeological Site,cultural,https://whc.unesco.org/en/list/575,575,https://whc.unesco.org/en/list/575/gallery,https://whc.unesco.org/uploads/thumbs/site_0575_0001-1200-630-20090923175410.jpg
Dong Phayayen-Khao Yai Forest Complex,natural,https://whc.unesco.org/en/list/590,590,https://whc.unesco.org/en/list/590/gallery,https://whc.unesco.org/uploads/thumbs/site_0590_0005-1200-630-20221205163658.jpg
Kaeng Krachan Forest Complex,natural,https://whc.unesco.org/en/list/1461,1461,https://whc.unesco.org/en/list/1461/gallery,https://whc.unesco.org/uploads/thumbs/site_1461_0006-1200-630-20221006120120.jpg
The Ancient Town of Si Thep and its Associated Dvaravati Monuments,cultural,https://whc.unesco.org/en/list/1662,1662,https://whc.unesco.org/en/list/1662/gallery,https://whc.unesco.org/uploads/thumbs/site_1662_0010-1200-630-20230627132644.jpg
"Phu Phrabat, a testimony to the Sīma stone tradition of the Dvaravati period",cultural,https://whc.unesco.org/en/list/1507,1507,https://whc.unesco.org/en/list/1507/gallery,https://whc.unesco.org/uploads/thumbs/site_1507_0001-1200-630-20240531151656.jpg
"Koutammakou, the Land of the Batammariba",cultural,https://whc.unesco.org/en/list/1140,1140,https://whc.unesco.org/en/list/1140/gallery,https://whc.unesco.org/uploads/thumbs/site_1140_0020-1200-630-20221103164443.jpg
Amphitheatre of El Jem,cultural,https://whc.unesco.org/en/list/38,38,https://whc.unesco.org/en/list/38/gallery,https://whc.unesco.org/uploads/thumbs/site_0038_0001-1200-630-20151105154231.jpg
Archaeological Site of Carthage,cultural,https://whc.unesco.org/en/list/37,37,https://whc.unesco.org/en/list/37/gallery,https://whc.unesco.org/uploads/thumbs/site_0037_0001-1200-630-20151105154317.jpg
Medina of Tunis,cultural,https://whc.unesco.org/en/list/36,36,https://whc.unesco.org/en/list/36/gallery,https://whc.unesco.org/uploads/thumbs/site_0036_0001-1200-630-20150507154927.jpg
Ichkeul National Park,natural,https://whc.unesco.org/en/list/8,8,https://whc.unesco.org/en/list/8/gallery,https://whc.unesco.org/uploads/thumbs/site_0008_0001-1200-630-20160808152501.jpg
Punic Town of Kerkuane and its Necropolis,cultural,https://whc.unesco.org/en/list/332,332,https://whc.unesco.org/en/list/332/gallery,https://whc.unesco.org/uploads/thumbs/site_0332_0005-1200-630-20151105160225.jpg
Kairouan,cultural,https://whc.unesco.org/en/list/499,499,https://whc.unesco.org/en/list/499/gallery,https://whc.unesco.org/uploads/thumbs/site_0499_0008-1200-630-20151104125212.jpg
Medina of Sousse,cultural,https://whc.unesco.org/en/list/498,498,https://whc.unesco.org/en/list/498/gallery,https://whc.unesco.org/uploads/thumbs/site_0498_0008-1200-630-20151105160146.jpg
Dougga / Thugga,cultural,https://whc.unesco.org/en/list/794,794,https://whc.unesco.org/en/list/794/gallery,https://whc.unesco.org/uploads/thumbs/site_0794_0010-1200-630-20151105154429.jpg
Djerba: Testimony to a settlement pattern in an island territory,cultural,https://whc.unesco.org/en/list/1640,1640,https://whc.unesco.org/en/list/1640/gallery,https://whc.unesco.org/uploads/thumbs/site_1640_0002-1200-630-20250507164853.jpg
Göreme National Park and the Rock Sites of Cappadocia,mixed,https://whc.unesco.org/en/list/357,357,https://whc.unesco.org/en/list/357/gallery,https://whc.unesco.org/uploads/thumbs/site_0357_0034-1200-630-20151105154542.jpg
Great Mosque and Hospital of Divriği,cultural,https://whc.unesco.org/en/list/358,358,https://whc.unesco.org/en/list/358/gallery,https://whc.unesco.org/uploads/thumbs/site_0358_0006-1200-630-20140708172719.jpg
Historic Areas of Istanbul,cultural,https://whc.unesco.org/en/list/356,356,https://whc.unesco.org/en/list/356/gallery,https://whc.unesco.org/uploads/thumbs/site_0356_0047-1200-630-20151105154645.jpg
Hattusha: the Hittite Capital,cultural,https://whc.unesco.org/en/list/377,377,https://whc.unesco.org/en/list/377/gallery,https://whc.unesco.org/uploads/thumbs/site_0377_0001-1200-630-20151105154545.jpg
Nemrut Dağ,cultural,https://whc.unesco.org/en/list/448,448,https://whc.unesco.org/en/list/448/gallery,https://whc.unesco.org/uploads/thumbs/site_0448_0010-1200-630-20140708162215.jpg
Hierapolis-Pamukkale,mixed,https://whc.unesco.org/en/list/485,485,https://whc.unesco.org/en/list/485/gallery,https://whc.unesco.org/uploads/thumbs/site_0485_0013-1200-630-20140708152845.jpg
Xanthos-Letoon,cultural,https://whc.unesco.org/en/list/484,484,https://whc.unesco.org/en/list/484/gallery,https://whc.unesco.org/uploads/thumbs/site_0484_0006-1200-630-20140708165303.jpg
City of Safranbolu,cultural,https://whc.unesco.org/en/list/614,614,https://whc.unesco.org/en/list/614/gallery,https://whc.unesco.org/uploads/thumbs/site_0614_0001-1200-630-20151105154444.jpg
Archaeological Site of Troy,cultural,https://whc.unesco.org/en/list/849,849,https://whc.unesco.org/en/list/849/gallery,https://whc.unesco.org/uploads/thumbs/site_0849_0014-1200-630-20151105160258.jpg
Selimiye Mosque and its Social Complex,cultural,https://whc.unesco.org/en/list/1366,1366,https://whc.unesco.org/en/list/1366/gallery,https://whc.unesco.org/uploads/thumbs/site_1366_0005-1200-630-20230116172320.jpg
Neolithic Site of Çatalhöyük,cultural,https://whc.unesco.org/en/list/1405,1405,https://whc.unesco.org/en/list/1405/gallery,https://whc.unesco.org/uploads/thumbs/site_1405_0001-1200-630-20221003104424.jpg
Bursa and Cumalıkızık: the Birth of the Ottoman Empire,cultural,https://whc.unesco.org/en/list/1452,1452,https://whc.unesco.org/en/list/1452/gallery,https://whc.unesco.org/uploads/thumbs/site_1452_0009-1200-630-20230210101115.jpg
Pergamon and its Multi-Layered Cultural Landscape,cultural,https://whc.unesco.org/en/list/1457,1457,https://whc.unesco.org/en/list/1457/gallery,https://whc.unesco.org/uploads/thumbs/site_1457_0003-1200-630-20140622194919.jpg
Diyarbakır Fortress and Hevsel Gardens Cultural Landscape,cultural,https://whc.unesco.org/en/list/1488,1488,https://whc.unesco.org/en/list/1488/gallery,https://whc.unesco.org/uploads/thumbs/site_1488_0003-1200-630-20221005172911.jpg
Ephesus,cultural,https://whc.unesco.org/en/list/1018,1018,https://whc.unesco.org/en/list/1018/gallery,https://whc.unesco.org/uploads/thumbs/site_1018_0016-1200-630-20150610152534.jpg
Archaeological Site of Ani,cultural,https://whc.unesco.org/en/list/1518,1518,https://whc.unesco.org/en/list/1518/gallery,https://whc.unesco.org/uploads/thumbs/site_1518_0004-1200-630-20160616153942.jpg
Aphrodisias,cultural,https://whc.unesco.org/en/list/1519,1519,https://whc.unesco.org/en/list/1519/gallery,https://whc.unesco.org/uploads/thumbs/site_1519_0008-1200-630-20221005163845.jpg
Göbekli Tepe,cultural,https://whc.unesco.org/en/list/1572,1572,https://whc.unesco.org/en/list/1572/gallery,https://whc.unesco.org/uploads/thumbs/site_1572_0001-1200-630-20230116120057.jpg
Arslantepe Mound,cultural,https://whc.unesco.org/en/list/1622,1622,https://whc.unesco.org/en/list/1622/gallery,https://whc.unesco.org/uploads/thumbs/site_1622_0006-1200-630-20210604105846.jpg
Gordion,cultural,https://whc.unesco.org/en/list/1669,1669,https://whc.unesco.org/en/list/1669/gallery,https://whc.unesco.org/uploads/thumbs/site_1669_0008-1200-630-20230523185431.jpg
Wooden Hypostyle Mosques of Medieval Anatolia,cultural,https://whc.unesco.org/en/list/1694,1694,https://whc.unesco.org/en/list/1694/gallery,https://whc.unesco.org/uploads/thumbs/site_1694_0001-1200-630-20231020100948.jpg
Sardis and the Lydian Tumuli of Bin Tepe,cultural,https://whc.unesco.org/en/list/1731,1731,https://whc.unesco.org/en/list/1731/gallery,https://whc.unesco.org/uploads/thumbs/site_1731_0010-1200-630-20250617154530.jpg
State Historical and Cultural Park “Ancient Merv”,cultural,https://whc.unesco.org/en/list/886,886,https://whc.unesco.org/en/list/886/gallery,https://whc.unesco.org/uploads/thumbs/site_0886_0001-1200-630-20090921170650.jpg
Kunya-Urgench,cultural,https://whc.unesco.org/en/list/1199,1199,https://whc.unesco.org/en/list/1199/gallery,https://whc.unesco.org/uploads/thumbs/site_1199_0007-1200-630-20241028092734.jpg
Parthian Fortresses of Nisa,cultural,https://whc.unesco.org/en/list/1242,1242,https://whc.unesco.org/en/list/1242/gallery,https://whc.unesco.org/uploads/thumbs/site_1242_0001-1200-630-20090915153039.jpg
Cold Winter Deserts of Turan,natural,https://whc.unesco.org/en/list/1693,1693,https://whc.unesco.org/en/list/1693/gallery,https://whc.unesco.org/uploads/thumbs/site_1693_0008-1200-630-20231020121711.jpg
Silk Roads: Zarafshan-Karakum Corridor,cultural,https://whc.unesco.org/en/list/1675,1675,https://whc.unesco.org/en/list/1675/gallery,https://whc.unesco.org/uploads/thumbs/site_1675_0016-1200-630-20250507162548.jpg
Bwindi Impenetrable National Park,natural,https://whc.unesco.org/en/list/682,682,https://whc.unesco.org/en/list/682/gallery,https://whc.unesco.org/uploads/thumbs/site_0682_0051-1200-630-20151105154728.jpg
Rwenzori Mountains National Park,natural,https://whc.unesco.org/en/list/684,684,https://whc.unesco.org/en/list/684/gallery,https://whc.unesco.org/uploads/thumbs/site_0684_0002-1200-630-20151105160334.jpg
Tombs of Buganda Kings at Kasubi,cultural,https://whc.unesco.org/en/list/1022,1022,https://whc.unesco.org/en/list/1022/gallery,https://whc.unesco.org/uploads/thumbs/site_1022_0003-1200-630-20220502002509.jpg
"Kyiv: Saint-Sophia Cathedral and Related Monastic Buildings, Kyiv-Pechersk Lavra",cultural_danger,https://whc.unesco.org/en/list/527,527,https://whc.unesco.org/en/list/527/gallery,https://whc.unesco.org/uploads/thumbs/site_0527_0047-1200-630-20241211170532.jpg
L'viv – the Ensemble of the Historic Centre,cultural_danger,https://whc.unesco.org/en/list/865,865,https://whc.unesco.org/en/list/865/gallery,https://whc.unesco.org/uploads/thumbs/site_0865_0002-1200-630-20151104125432.jpg
Struve Geodetic Arc,cultural,https://whc.unesco.org/en/list/1187,1187,https://whc.unesco.org/en/list/1187/gallery,https://whc.unesco.org/uploads/thumbs/site_1187_0001-1200-630-20151104154840.jpg
Ancient and Primeval Beech Forests of the Carpathians and Other Regions of Europe,natural,https://whc.unesco.org/en/list/1133,1133,https://whc.unesco.org/en/list/1133/gallery,https://whc.unesco.org/uploads/thumbs/site_1133_0076-1200-630-20251103122935.jpg
Residence of Bukovinian and Dalmatian Metropolitans,cultural,https://whc.unesco.org/en/list/1330,1330,https://whc.unesco.org/en/list/1330/gallery,https://whc.unesco.org/uploads/thumbs/site_1330_0001-1200-630-20110630123306.jpg
Ancient City of Tauric Chersonese and its Chora,cultural,https://whc.unesco.org/en/list/1411,1411,https://whc.unesco.org/en/list/1411/gallery,https://whc.unesco.org/uploads/thumbs/site_1411_0001-1200-630-20230117120200.jpg
WoodenTserkvasof the Carpathian Region in Poland and Ukraine,cultural,https://whc.unesco.org/en/list/1424,1424,https://whc.unesco.org/en/list/1424/gallery,https://whc.unesco.org/uploads/thumbs/site_1424_0018-1200-630-20241211163741.jpg
The Historic Centre of Odesa,cultural_danger,https://whc.unesco.org/en/list/1703,1703,https://whc.unesco.org/en/list/1703/gallery,https://whc.unesco.org/uploads/thumbs/site_1703_0003-1200-630-20230206105558.jpg
"Cultural Sites of Al Ain (Hafit, Hili, Bidaa Bint Saud and Oases Areas)",cultural,https://whc.unesco.org/en/list/1343,1343,https://whc.unesco.org/en/list/1343/gallery,https://whc.unesco.org/uploads/thumbs/site_1343_0001-1200-630-20110531120500.jpg
Faya Palaeolandscape,cultural,https://whc.unesco.org/en/list/1735,1735,https://whc.unesco.org/en/list/1735/gallery,https://whc.unesco.org/uploads/thumbs/site_1735_0005-1200-630-20250617114411.jpg
Castles and Town Walls of King Edward in Gwynedd,cultural,https://whc.unesco.org/en/list/374,374,https://whc.unesco.org/en/list/374/gallery,https://whc.unesco.org/uploads/thumbs/site_0374_0001-1200-630-20150528164251.jpg
Durham Castle and Cathedral,cultural,https://whc.unesco.org/en/list/370,370,https://whc.unesco.org/en/list/370/gallery,https://whc.unesco.org/uploads/thumbs/site_0370_0004-1200-630-20151105160437.jpg
Giant's Causeway and Causeway Coast,natural,https://whc.unesco.org/en/list/369,369,https://whc.unesco.org/en/list/369/gallery,https://whc.unesco.org/uploads/thumbs/site_0369_0001-1200-630-20090928181354.jpg
Ironbridge Gorge,cultural,https://whc.unesco.org/en/list/371,371,https://whc.unesco.org/en/list/371/gallery,https://whc.unesco.org/uploads/thumbs/site_0371_0007-1200-630-20260129161934.jpg
St Kilda,mixed,https://whc.unesco.org/en/list/387,387,https://whc.unesco.org/en/list/387/gallery,https://whc.unesco.org/uploads/thumbs/site_0387_0010-1200-630-20161206113620.jpg
"Stonehenge, Avebury and Associated Sites",cultural,https://whc.unesco.org/en/list/373,373,https://whc.unesco.org/en/list/373/gallery,https://whc.unesco.org/uploads/thumbs/site_0373_0001-1200-630-20151104125603.jpg
Studley Royal Park including the Ruins of Fountains Abbey,cultural,https://whc.unesco.org/en/list/372,372,https://whc.unesco.org/en/list/372/gallery,https://whc.unesco.org/uploads/thumbs/site_0372_0024-1200-630-20181026140123.jpg
Blenheim Palace,cultural,https://whc.unesco.org/en/list/425,425,https://whc.unesco.org/en/list/425/gallery,https://whc.unesco.org/uploads/thumbs/site_0425_0001-1200-630-20090915122907.jpg
City of Bath,cultural,https://whc.unesco.org/en/list/428,428,https://whc.unesco.org/en/list/428/gallery,https://whc.unesco.org/uploads/thumbs/site_0428_0001-1200-630-20100510122518.jpg
Frontiers of the Roman Empire,cultural,https://whc.unesco.org/en/list/430,430,https://whc.unesco.org/en/list/430/gallery,
Palace of Westminster and Westminster Abbey including Saint Margaret’s Church,cultural,https://whc.unesco.org/en/list/426,426,https://whc.unesco.org/en/list/426/gallery,https://whc.unesco.org/uploads/thumbs/site_0426_0004-1200-630-20151105155055.jpg
"Canterbury Cathedral, St Augustine's Abbey, and St Martin's Church",cultural,https://whc.unesco.org/en/list/496,496,https://whc.unesco.org/en/list/496/gallery,https://whc.unesco.org/uploads/thumbs/site_0496_0001-1200-630-20090923140329.jpg
Henderson Island,natural,https://whc.unesco.org/en/list/487,487,https://whc.unesco.org/en/list/487/gallery,https://whc.unesco.org/uploads/thumbs/site_0487_0001-1200-630-20151105162216.jpg
Tower of London,cultural,https://whc.unesco.org/en/list/488,488,https://whc.unesco.org/en/list/488/gallery,https://whc.unesco.org/uploads/thumbs/site_0488_0026-1200-630-20151105162506.jpg
Gough and Inaccessible Islands,natural,https://whc.unesco.org/en/list/740,740,https://whc.unesco.org/en/list/740/gallery,https://whc.unesco.org/uploads/thumbs/site_0740_0015-1200-630-20151105154904.jpg
Old and New Towns of Edinburgh,cultural,https://whc.unesco.org/en/list/728,728,https://whc.unesco.org/en/list/728/gallery,https://whc.unesco.org/uploads/thumbs/site_0728_0011-1200-630-20151105155032.jpg
Maritime Greenwich,cultural,https://whc.unesco.org/en/list/795,795,https://whc.unesco.org/en/list/795/gallery,https://whc.unesco.org/uploads/thumbs/site_0795_0007-1200-630-20151105155000.jpg
Heart of Neolithic Orkney,cultural,https://whc.unesco.org/en/list/514,514,https://whc.unesco.org/en/list/514/gallery,https://whc.unesco.org/uploads/thumbs/site_0514_0001-1200-630-20080618153114.jpg
Blaenavon Industrial Landscape,cultural,https://whc.unesco.org/en/list/984,984,https://whc.unesco.org/en/list/984/gallery,https://whc.unesco.org/uploads/thumbs/site_0984_0001-1200-630-20090929155701.jpg
"Historic Town of St George and Related Fortifications, Bermuda",cultural,https://whc.unesco.org/en/list/983,983,https://whc.unesco.org/en/list/983/gallery,https://whc.unesco.org/uploads/thumbs/site_0983_0001-1200-630-20090929160654.jpg
Derwent Valley Mills,cultural,https://whc.unesco.org/en/list/1030,1030,https://whc.unesco.org/en/list/1030/gallery,https://whc.unesco.org/uploads/thumbs/site_1030_0001-1200-630-20090923145058.jpg
Dorset and East Devon Coast,natural,https://whc.unesco.org/en/list/1029,1029,https://whc.unesco.org/en/list/1029/gallery,https://whc.unesco.org/uploads/thumbs/site_1029_0001-1200-630-20151105160411.jpg
New Lanark,cultural,https://whc.unesco.org/en/list/429,429,https://whc.unesco.org/en/list/429/gallery,https://whc.unesco.org/uploads/thumbs/site_0429_0012-1200-630-20220729131015.jpg
Saltaire,cultural,https://whc.unesco.org/en/list/1028,1028,https://whc.unesco.org/en/list/1028/gallery,https://whc.unesco.org/uploads/thumbs/site_1028_0001-1200-630-20090923143911.jpg
"Royal Botanic Gardens, Kew",cultural,https://whc.unesco.org/en/list/1084,1084,https://whc.unesco.org/en/list/1084/gallery,https://whc.unesco.org/uploads/thumbs/site_1084_0026-1200-630-20151105155209.jpg
Liverpool – Maritime Mercantile City,cultural,https://whc.unesco.org/en/list/1150,1150,https://whc.unesco.org/en/list/1150/gallery,https://whc.unesco.org/uploads/thumbs/site_1150_0014-1200-630-20140108102608.jpg
Cornwall and West Devon Mining Landscape,cultural,https://whc.unesco.org/en/list/1215,1215,https://whc.unesco.org/en/list/1215/gallery,https://whc.unesco.org/uploads/thumbs/site_1215_0001-1200-630-20090921174105.jpg
Pontcysyllte Aqueduct and Canal,cultural,https://whc.unesco.org/en/list/1303,1303,https://whc.unesco.org/en/list/1303/gallery,https://whc.unesco.org/uploads/thumbs/site_1303_0001-1200-630-20090923145918.jpg
Moravian Church Settlements,cultural,https://whc.unesco.org/en/list/1468,1468,https://whc.unesco.org/en/list/1468/gallery,https://whc.unesco.org/uploads/thumbs/site_1468_0030-1200-630-20260126095630.jpg
The Forth Bridge,cultural,https://whc.unesco.org/en/list/1485,1485,https://whc.unesco.org/en/list/1485/gallery,https://whc.unesco.org/uploads/thumbs/site_1485_0002-1200-630-20150610150743.jpg
Gorham's Cave Complex,cultural,https://whc.unesco.org/en/list/1500,1500,https://whc.unesco.org/en/list/1500/gallery,https://whc.unesco.org/uploads/thumbs/site_1500_0012-1200-630-20221003165048.jpg
The English Lake District,cultural,https://whc.unesco.org/en/list/422,422,https://whc.unesco.org/en/list/422/gallery,https://whc.unesco.org/uploads/thumbs/site_0422_0017-1200-630-20221003171946.jpg
Jodrell Bank Observatory,cultural,https://whc.unesco.org/en/list/1594,1594,https://whc.unesco.org/en/list/1594/gallery,https://whc.unesco.org/uploads/thumbs/site_1594_0001-1200-630-20180316163019.jpg
The Great Spa Towns of Europe,cultural,https://whc.unesco.org/en/list/1613,1613,https://whc.unesco.org/en/list/1613/gallery,https://whc.unesco.org/uploads/thumbs/site_1613_0001-1200-630-20210401103443.jpg
The Slate Landscape of Northwest Wales,cultural,https://whc.unesco.org/en/list/1633,1633,https://whc.unesco.org/en/list/1633/gallery,https://whc.unesco.org/uploads/thumbs/site_1633_0003-1200-630-20220913120942.jpg
The Flow Country,natural,https://whc.unesco.org/en/list/1722,1722,https://whc.unesco.org/en/list/1722/gallery,https://whc.unesco.org/uploads/thumbs/site_1722_0002-1200-630-20240603163351.jpg
Ngorongoro Conservation Area,mixed,https://whc.unesco.org/en/list/39,39,https://whc.unesco.org/en/list/39/gallery,https://whc.unesco.org/uploads/thumbs/site_0039_0053-1200-630-20221223092037.jpg
Ruins of Kilwa Kisiwani and Ruins of Songo Mnara,cultural,https://whc.unesco.org/en/list/144,144,https://whc.unesco.org/en/list/144/gallery,https://whc.unesco.org/uploads/thumbs/site_0144_0027-1200-630-20121111133403.jpg
Serengeti National Park,natural,https://whc.unesco.org/en/list/156,156,https://whc.unesco.org/en/list/156/gallery,https://whc.unesco.org/uploads/thumbs/site_0156_0001-1200-630-20221013115931.jpg
Selous Game Reserve,natural_danger,https://whc.unesco.org/en/list/199,199,https://whc.unesco.org/en/list/199/gallery,https://whc.unesco.org/uploads/thumbs/site_0199_0001-1200-630-20151104180640.jpg
Kilimanjaro National Park,natural,https://whc.unesco.org/en/list/403,403,https://whc.unesco.org/en/list/403/gallery,https://whc.unesco.org/uploads/thumbs/site_0403_0001-1200-630-20151105162509.jpg
Stone Town of Zanzibar,cultural,https://whc.unesco.org/en/list/173,173,https://whc.unesco.org/en/list/173/gallery,https://whc.unesco.org/uploads/thumbs/site_0173_0001-1200-630-20150617114914.jpg
Kondoa Rock-Art Sites,cultural,https://whc.unesco.org/en/list/1183,1183,https://whc.unesco.org/en/list/1183/gallery,https://whc.unesco.org/uploads/thumbs/site_1183_0001-1200-630-20100301170442.jpg
Mesa Verde National Park,cultural,https://whc.unesco.org/en/list/27,27,https://whc.unesco.org/en/list/27/gallery,https://whc.unesco.org/uploads/thumbs/site_0027_0001-1200-630-20090918192934.jpg
Yellowstone National Park,natural,https://whc.unesco.org/en/list/28,28,https://whc.unesco.org/en/list/28/gallery,https://whc.unesco.org/uploads/thumbs/site_0028_0023-1200-630-20160810112644.jpg
Everglades National Park,natural_danger,https://whc.unesco.org/en/list/76,76,https://whc.unesco.org/en/list/76/gallery,https://whc.unesco.org/uploads/thumbs/site_0076_0001-1200-630-20151105163557.jpg
Grand Canyon National Park,natural,https://whc.unesco.org/en/list/75,75,https://whc.unesco.org/en/list/75/gallery,https://whc.unesco.org/uploads/thumbs/site_0075_0001-1200-630-20151105155342.jpg
Independence Hall,cultural,https://whc.unesco.org/en/list/78,78,https://whc.unesco.org/en/list/78/gallery,https://whc.unesco.org/uploads/thumbs/site_0078_0003-1200-630-20160810112655.jpg
Kluane / Wrangell-St. Elias / Glacier Bay / Tatshenshini-Alsek,natural,https://whc.unesco.org/en/list/72,72,https://whc.unesco.org/en/list/72/gallery,https://whc.unesco.org/uploads/thumbs/site_0072_0027-1200-630-20241127094800.jpg
Redwood National and State Parks,natural,https://whc.unesco.org/en/list/134,134,https://whc.unesco.org/en/list/134/gallery,https://whc.unesco.org/uploads/thumbs/site_0134_0001-1200-630-20090918190827.jpg
Mammoth Cave National Park,natural,https://whc.unesco.org/en/list/150,150,https://whc.unesco.org/en/list/150/gallery,https://whc.unesco.org/uploads/thumbs/site_0150_0001-1200-630-20090918190110.jpg
Olympic National Park,natural,https://whc.unesco.org/en/list/151,151,https://whc.unesco.org/en/list/151/gallery,https://whc.unesco.org/uploads/thumbs/site_0151_0001-1200-630-20090914164402.jpg
Cahokia Mounds State Historic Site,cultural,https://whc.unesco.org/en/list/198,198,https://whc.unesco.org/en/list/198/gallery,https://whc.unesco.org/uploads/thumbs/site_0198_0001-1200-630-20090925170204.jpg
Great Smoky Mountains National Park,natural,https://whc.unesco.org/en/list/259,259,https://whc.unesco.org/en/list/259/gallery,https://whc.unesco.org/uploads/thumbs/site_0259_0001-1200-630-20090925171309.jpg
La Fortaleza and San Juan National Historic Site in Puerto Rico,cultural,https://whc.unesco.org/en/list/266,266,https://whc.unesco.org/en/list/266/gallery,https://whc.unesco.org/uploads/thumbs/site_0266_0001-1200-630-20090925164544.jpg
Statue of Liberty,cultural,https://whc.unesco.org/en/list/307,307,https://whc.unesco.org/en/list/307/gallery,https://whc.unesco.org/uploads/thumbs/site_0307_0001-1200-630-20151105155448.jpg
Yosemite National Park,natural,https://whc.unesco.org/en/list/308,308,https://whc.unesco.org/en/list/308/gallery,https://whc.unesco.org/uploads/thumbs/site_0308_0001-1200-630-20151105162729.jpg
Chaco Culture,cultural,https://whc.unesco.org/en/list/353,353,https://whc.unesco.org/en/list/353/gallery,https://whc.unesco.org/uploads/thumbs/site_0353_0001-1200-630-20151105163533.jpg
Hawaii Volcanoes National Park,natural,https://whc.unesco.org/en/list/409,409,https://whc.unesco.org/en/list/409/gallery,https://whc.unesco.org/uploads/thumbs/site_0409_0005-1200-630-20151113173000.jpg
Monticello and the University of Virginia in Charlottesville,cultural,https://whc.unesco.org/en/list/442,442,https://whc.unesco.org/en/list/442/gallery,https://whc.unesco.org/uploads/thumbs/site_0442_0001-1200-630-20151105163616.jpg
Taos Pueblo,cultural,https://whc.unesco.org/en/list/492,492,https://whc.unesco.org/en/list/492/gallery,https://whc.unesco.org/uploads/thumbs/site_0492_0001-1200-630-20090925163723.jpg
Carlsbad Caverns National Park,natural,https://whc.unesco.org/en/list/721,721,https://whc.unesco.org/en/list/721/gallery,https://whc.unesco.org/uploads/thumbs/site_0721_0008-1200-630-20180810164115.jpg
Waterton Glacier International Peace Park,natural,https://whc.unesco.org/en/list/354,354,https://whc.unesco.org/en/list/354/gallery,https://whc.unesco.org/uploads/thumbs/site_0354_0001-1200-630-20110920201420.jpg
Papahānaumokuākea,mixed,https://whc.unesco.org/en/list/1326,1326,https://whc.unesco.org/en/list/1326/gallery,https://whc.unesco.org/uploads/thumbs/site_1326_0012-1200-630-20230113153832.jpg
Monumental Earthworks of Poverty Point,cultural,https://whc.unesco.org/en/list/1435,1435,https://whc.unesco.org/en/list/1435/gallery,https://whc.unesco.org/uploads/thumbs/site_1435_0008-1200-630-20140606155257.jpg
Moravian Church Settlements,cultural,https://whc.unesco.org/en/list/1468,1468,https://whc.unesco.org/en/list/1468/gallery,https://whc.unesco.org/uploads/thumbs/site_1468_0030-1200-630-20260126095630.jpg
San Antonio Missions,cultural,https://whc.unesco.org/en/list/1466,1466,https://whc.unesco.org/en/list/1466/gallery,https://whc.unesco.org/uploads/thumbs/site_1466_0004-1200-630-20150610114423.jpg
The 20th-Century Architecture of Frank Lloyd Wright,cultural,https://whc.unesco.org/en/list/1496,1496,https://whc.unesco.org/en/list/1496/gallery,https://whc.unesco.org/uploads/thumbs/site_1496_0019-1200-630-20230113162335.jpg
Hopewell Ceremonial Earthworks,cultural,https://whc.unesco.org/en/list/1689,1689,https://whc.unesco.org/en/list/1689/gallery,https://whc.unesco.org/uploads/thumbs/site_1689_0007-1200-630-20231020120621.jpg
Historic Quarter of the City of Colonia del Sacramento,cultural,https://whc.unesco.org/en/list/747,747,https://whc.unesco.org/en/list/747/gallery,https://whc.unesco.org/uploads/thumbs/site_0747_0009-1200-630-20130207122649.jpg
Fray Bentos Industrial Landscape,cultural,https://whc.unesco.org/en/list/1464,1464,https://whc.unesco.org/en/list/1464/gallery,https://whc.unesco.org/uploads/thumbs/site_1464_0009-1200-630-20150610152927.jpg
The work of engineer Eladio Dieste: Church of Atlántida,cultural,https://whc.unesco.org/en/list/1612,1612,https://whc.unesco.org/en/list/1612/gallery,https://whc.unesco.org/uploads/thumbs/site_1612_0011-1200-630-20190409102311.jpg
Itchan Kala,cultural,https://whc.unesco.org/en/list/543,543,https://whc.unesco.org/en/list/543/gallery,https://whc.unesco.org/uploads/thumbs/site_0543_0007-1200-630-20151105163820.jpg
Historic Centre of Bukhara,cultural,https://whc.unesco.org/en/list/602,602,https://whc.unesco.org/en/list/602/gallery,https://whc.unesco.org/uploads/thumbs/site_0602_0016-1200-630-20130729144635.jpg
Historic Centre of Shakhrisyabz,cultural_danger,https://whc.unesco.org/en/list/885,885,https://whc.unesco.org/en/list/885/gallery,https://whc.unesco.org/uploads/thumbs/site_0885_0001-1200-630-20151105163757.jpg
Samarkand – Crossroad of Cultures,cultural,https://whc.unesco.org/en/list/603,603,https://whc.unesco.org/en/list/603/gallery,https://whc.unesco.org/uploads/thumbs/site_0603_0001-1200-630-20070731171337.jpg
Western Tien-Shan,natural,https://whc.unesco.org/en/list/1490,1490,https://whc.unesco.org/en/list/1490/gallery,https://whc.unesco.org/uploads/thumbs/site_1490_0001-1200-630-20230124151745.jpg
Cold Winter Deserts of Turan,natural,https://whc.unesco.org/en/list/1693,1693,https://whc.unesco.org/en/list/1693/gallery,https://whc.unesco.org/uploads/thumbs/site_1693_0008-1200-630-20231020121711.jpg
Silk Roads: Zarafshan-Karakum Corridor,cultural,https://whc.unesco.org/en/list/1675,1675,https://whc.unesco.org/en/list/1675/gallery,https://whc.unesco.org/uploads/thumbs/site_1675_0016-1200-630-20250507162548.jpg
Chief Roi Mata’s Domain,cultural,https://whc.unesco.org/en/list/1280,1280,https://whc.unesco.org/en/list/1280/gallery,https://whc.unesco.org/uploads/thumbs/site_1280_0016-1200-630-20231020095655.jpg
Coro and its Port,cultural_danger,https://whc.unesco.org/en/list/658,658,https://whc.unesco.org/en/list/658/gallery,https://whc.unesco.org/uploads/thumbs/site_0658_0002-1200-630-20151105162822.jpg
Canaima National Park,natural,https://whc.unesco.org/en/list/701,701,https://whc.unesco.org/en/list/701/gallery,https://whc.unesco.org/uploads/thumbs/site_0701_0001-1200-630-20151105162803.jpg
Ciudad Universitaria de Caracas,cultural,https://whc.unesco.org/en/list/986,986,https://whc.unesco.org/en/list/986/gallery,https://whc.unesco.org/uploads/thumbs/site_0986_0001-1200-630-20090929164925.jpg
Complex of Hué Monuments,cultural,https://whc.unesco.org/en/list/678,678,https://whc.unesco.org/en/list/678/gallery,https://whc.unesco.org/uploads/thumbs/site_0678_0015-1200-630-20241217152630.jpg
Ha Long Bay - Cat Ba Archipelago,natural,https://whc.unesco.org/en/list/672,672,https://whc.unesco.org/en/list/672/gallery,https://whc.unesco.org/uploads/thumbs/site_0672_0001-1200-630-20230704180306.jpg
Hoi An Ancient Town,cultural,https://whc.unesco.org/en/list/948,948,https://whc.unesco.org/en/list/948/gallery,https://whc.unesco.org/uploads/thumbs/site_0948_0041-1200-630-20241213161839.jpg
My Son Sanctuary,cultural,https://whc.unesco.org/en/list/949,949,https://whc.unesco.org/en/list/949/gallery,https://whc.unesco.org/uploads/thumbs/site_0949_0015-1200-630-20241217153326.jpg
Phong Nha-Ke Bang National Park and Hin Nam No National Park,natural,https://whc.unesco.org/en/list/951,951,https://whc.unesco.org/en/list/951/gallery,https://whc.unesco.org/uploads/thumbs/site_0951_0035-1200-630-20250713120332.jpg
Central Sector of the Imperial Citadel of Thang Long - Hanoi,cultural,https://whc.unesco.org/en/list/1328,1328,https://whc.unesco.org/en/list/1328/gallery,https://whc.unesco.org/uploads/thumbs/site_1328_0012-1200-630-20230116172558.jpg
Citadel of the Ho Dynasty,cultural,https://whc.unesco.org/en/list/1358,1358,https://whc.unesco.org/en/list/1358/gallery,https://whc.unesco.org/uploads/thumbs/site_1358_0012-1200-630-20241213160415.jpg
Trang An Landscape Complex,mixed,https://whc.unesco.org/en/list/1438,1438,https://whc.unesco.org/en/list/1438/gallery,https://whc.unesco.org/uploads/thumbs/site_1438_0008-1200-630-20211117182744.jpg
"Yen Tu-Vinh Nghiem-Con Son, Kiep Bac Complex of Monuments and Landscapes",cultural,https://whc.unesco.org/en/list/1732,1732,https://whc.unesco.org/en/list/1732/gallery,https://whc.unesco.org/uploads/thumbs/site_1732_0016-1200-630-20250617144927.jpg
Old Walled City of Shibam,cultural_danger,https://whc.unesco.org/en/list/192,192,https://whc.unesco.org/en/list/192/gallery,https://whc.unesco.org/uploads/thumbs/site_0192_0008-1200-630-20151105162946.jpg
Old City of Sana'a,cultural_danger,https://whc.unesco.org/en/list/385,385,https://whc.unesco.org/en/list/385/gallery,https://whc.unesco.org/uploads/thumbs/site_0385_0018-1200-630-20151105162902.jpg
Historic Town of Zabid,cultural_danger,https://whc.unesco.org/en/list/611,611,https://whc.unesco.org/en/list/611/gallery,https://whc.unesco.org/uploads/thumbs/site_0611_0024-1200-630-20150720152509.jpg
Socotra Archipelago,natural,https://whc.unesco.org/en/list/1263,1263,https://whc.unesco.org/en/list/1263/gallery,https://whc.unesco.org/uploads/thumbs/site_1263_0012-1200-630-20231020112848.jpg
"Landmarks of the Ancient Kingdom of Saba, Marib",cultural_danger,https://whc.unesco.org/en/list/1700,1700,https://whc.unesco.org/en/list/1700/gallery,https://whc.unesco.org/uploads/thumbs/site_1700_0003-1200-630-20230125120836.jpg
Mosi-oa-Tunya / Victoria Falls,natural,https://whc.unesco.org/en/list/509,509,https://whc.unesco.org/en/list/509/gallery,https://whc.unesco.org/uploads/thumbs/site_0509_0001-1200-630-20151104125701.jpg
"Mana Pools National Park, Sapi and Chewore Safari Areas",natural,https://whc.unesco.org/en/list/302,302,https://whc.unesco.org/en/list/302/gallery,https://whc.unesco.org/uploads/thumbs/site_0302_0001-1200-630-20090918182318.jpg
Great Zimbabwe National Monument,cultural,https://whc.unesco.org/en/list/364,364,https://whc.unesco.org/en/list/364/gallery,https://whc.unesco.org/uploads/thumbs/site_0364_0008-1200-630-20151105163031.jpg
Khami Ruins National Monument,cultural,https://whc.unesco.org/en/list/365,365,https://whc.unesco.org/en/list/365/gallery,https://whc.unesco.org/uploads/thumbs/site_0365_0013-1200-630-20130920111346.jpg
Mosi-oa-Tunya / Victoria Falls,natural,https://whc.unesco.org/en/list/509,509,https://whc.unesco.org/en/list/509/gallery,https://whc.unesco.org/uploads/thumbs/site_0509_0001-1200-630-20151104125701.jpg
Matobo Hills,cultural,https://whc.unesco.org/en/list/306,306,https://whc.unesco.org/en/list/306/gallery,https://whc.unesco.org/uploads/thumbs/site_0306_0001-1200-630-20151105163117.jpg
